file,line,type,commit,author,date,time,timezone,datetime,depth,length
style.css,1,css,022aad64,Owen McFadden,2026-04-09,12:30:16,-07:00,2026-04-09T12:30:16-07:00,0,5
style.css,2,css,5c63d82b,Owen McFadden,2026-04-15,14:56:53,-07:00,2026-04-15T14:56:53-07:00,1,33
style.css,3,css,5c63d82b,Owen McFadden,2026-04-15,14:56:53,-07:00,2026-04-15T14:56:53-07:00,1,29
style.css,4,css,5c63d82b,Owen McFadden,2026-04-15,14:56:53,-07:00,2026-04-15T14:56:53-07:00,1,28
style.css,5,css,022aad64,Owen McFadden,2026-04-09,12:30:16,-07:00,2026-04-09T12:30:16-07:00,0,0
style.css,6,css,022aad64,Owen McFadden,2026-04-09,12:30:16,-07:00,2026-04-09T12:30:16-07:00,0,0
style.css,7,css,022aad64,Owen McFadden,2026-04-09,12:30:16,-07:00,2026-04-09T12:30:16-07:00,0,4
style.css,8,css,022aad64,Owen McFadden,2026-04-09,12:30:16,-07:00,2026-04-09T12:30:16-07:00,1,32
style.css,9,css,5c63d82b,Owen McFadden,2026-04-15,14:56:53,-07:00,2026-04-15T14:56:53-07:00,1,23
style.css,10,css,022aad64,Owen McFadden,2026-04-09,12:30:16,-07:00,2026-04-09T12:30:16-07:00,0,0
style.css,11,css,022aad64,Owen McFadden,2026-04-09,12:30:16,-07:00,2026-04-09T12:30:16-07:00,0,0
style.css,12,css,d438f1ee,Owen McFadden,2026-04-09,12:51:13,-07:00,2026-04-09T12:51:13-07:00,0,4
style.css,13,css,d438f1ee,Owen McFadden,2026-04-09,12:51:13,-07:00,2026-04-09T12:51:13-07:00,1,45
style.css,14,css,d438f1ee,Owen McFadden,2026-04-09,12:51:13,-07:00,2026-04-09T12:51:13-07:00,1,14
style.css,15,css,d438f1ee,Owen McFadden,2026-04-09,12:51:13,-07:00,2026-04-09T12:51:13-07:00,1,15
style.css,16,css,d438f1ee,Owen McFadden,2026-04-09,12:51:13,-07:00,2026-04-09T12:51:13-07:00,1,14
style.css,17,css,d438f1ee,Owen McFadden,2026-04-09,12:51:13,-07:00,2026-04-09T12:51:13-07:00,1,18
style.css,18,css,d438f1ee,Owen McFadden,2026-04-09,12:51:13,-07:00,2026-04-09T12:51:13-07:00,1,21
style.css,19,css,d438f1ee,Owen McFadden,2026-04-09,12:51:13,-07:00,2026-04-09T12:51:13-07:00,1,18
style.css,20,css,d438f1ee,Owen McFadden,2026-04-09,12:51:13,-07:00,2026-04-09T12:51:13-07:00,0,0
style.css,21,css,d438f1ee,Owen McFadden,2026-04-09,12:51:13,-07:00,2026-04-09T12:51:13-07:00,0,0
style.css,22,css,d438f1ee,Owen McFadden,2026-04-09,12:51:13,-07:00,2026-04-09T12:51:13-07:00,0,22
style.css,23,css,d438f1ee,Owen McFadden,2026-04-09,12:51:13,-07:00,2026-04-09T12:51:13-07:00,1,47
style.css,24,css,d438f1ee,Owen McFadden,2026-04-09,12:51:13,-07:00,2026-04-09T12:51:13-07:00,1,15
style.css,25,css,d438f1ee,Owen McFadden,2026-04-09,12:51:13,-07:00,2026-04-09T12:51:13-07:00,1,17
style.css,26,css,d438f1ee,Owen McFadden,2026-04-09,12:51:13,-07:00,2026-04-09T12:51:13-07:00,0,0
style.css,27,css,5c63d82b,Owen McFadden,2026-04-15,14:56:53,-07:00,2026-04-15T14:56:53-07:00,0,0
style.css,28,css,d438f1ee,Owen McFadden,2026-04-09,12:51:13,-07:00,2026-04-09T12:51:13-07:00,0,2
style.css,29,css,d438f1ee,Owen McFadden,2026-04-09,12:51:13,-07:00,2026-04-09T12:51:13-07:00,1,14
style.css,30,css,d438f1ee,Owen McFadden,2026-04-09,12:51:13,-07:00,2026-04-09T12:51:13-07:00,1,15
style.css,31,css,d438f1ee,Owen McFadden,2026-04-09,12:51:13,-07:00,2026-04-09T12:51:13-07:00,1,22
style.css,32,css,d438f1ee,Owen McFadden,2026-04-09,12:51:13,-07:00,2026-04-09T12:51:13-07:00,1,25
style.css,33,css,d438f1ee,Owen McFadden,2026-04-09,12:51:13,-07:00,2026-04-09T12:51:13-07:00,0,0
style.css,34,css,5c63d82b,Owen McFadden,2026-04-15,14:56:53,-07:00,2026-04-15T14:56:53-07:00,0,0
style.css,35,css,d438f1ee,Owen McFadden,2026-04-09,12:51:13,-07:00,2026-04-09T12:51:13-07:00,0,2
style.css,36,css,d438f1ee,Owen McFadden,2026-04-09,12:51:13,-07:00,2026-04-09T12:51:13-07:00,1,14
style.css,37,css,d438f1ee,Owen McFadden,2026-04-09,12:51:13,-07:00,2026-04-09T12:51:13-07:00,1,15
style.css,38,css,d438f1ee,Owen McFadden,2026-04-09,12:51:13,-07:00,2026-04-09T12:51:13-07:00,1,21
style.css,39,css,d438f1ee,Owen McFadden,2026-04-09,12:51:13,-07:00,2026-04-09T12:51:13-07:00,1,24
style.css,40,css,d438f1ee,Owen McFadden,2026-04-09,12:51:13,-07:00,2026-04-09T12:51:13-07:00,1,25
style.css,41,css,d438f1ee,Owen McFadden,2026-04-09,12:51:13,-07:00,2026-04-09T12:51:13-07:00,1,20
style.css,42,css,d438f1ee,Owen McFadden,2026-04-09,12:51:13,-07:00,2026-04-09T12:51:13-07:00,0,0
style.css,43,css,5c63d82b,Owen McFadden,2026-04-15,14:56:53,-07:00,2026-04-15T14:56:53-07:00,0,0
style.css,44,css,d438f1ee,Owen McFadden,2026-04-09,12:51:13,-07:00,2026-04-09T12:51:13-07:00,0,2
style.css,45,css,d438f1ee,Owen McFadden,2026-04-09,12:51:13,-07:00,2026-04-09T12:51:13-07:00,1,14
style.css,46,css,d438f1ee,Owen McFadden,2026-04-09,12:51:13,-07:00,2026-04-09T12:51:13-07:00,1,15
style.css,47,css,d438f1ee,Owen McFadden,2026-04-09,12:51:13,-07:00,2026-04-09T12:51:13-07:00,1,21
style.css,48,css,d438f1ee,Owen McFadden,2026-04-09,12:51:13,-07:00,2026-04-09T12:51:13-07:00,0,0
style.css,49,css,5c63d82b,Owen McFadden,2026-04-15,14:56:53,-07:00,2026-04-15T14:56:53-07:00,0,0
style.css,50,css,d438f1ee,Owen McFadden,2026-04-09,12:51:13,-07:00,2026-04-09T12:51:13-07:00,0,5
style.css,51,css,d438f1ee,Owen McFadden,2026-04-09,12:51:13,-07:00,2026-04-09T12:51:13-07:00,0,6
style.css,52,css,d438f1ee,Owen McFadden,2026-04-09,12:51:13,-07:00,2026-04-09T12:51:13-07:00,1,16
style.css,53,css,d438f1ee,Owen McFadden,2026-04-09,12:51:13,-07:00,2026-04-09T12:51:13-07:00,0,0
style.css,54,css,5c63d82b,Owen McFadden,2026-04-15,14:56:53,-07:00,2026-04-15T14:56:53-07:00,0,0
style.css,55,css,d438f1ee,Owen McFadden,2026-04-09,12:51:13,-07:00,2026-04-09T12:51:13-07:00,0,3
style.css,56,css,5c63d82b,Owen McFadden,2026-04-15,14:56:53,-07:00,2026-04-15T14:56:53-07:00,1,39
style.css,57,css,d438f1ee,Owen McFadden,2026-04-09,12:51:13,-07:00,2026-04-09T12:51:13-07:00,1,12
style.css,58,css,5c63d82b,Owen McFadden,2026-04-15,14:56:53,-07:00,2026-04-15T14:56:53-07:00,1,43
style.css,59,css,d438f1ee,Owen McFadden,2026-04-09,12:51:13,-07:00,2026-04-09T12:51:13-07:00,1,20
style.css,60,css,d438f1ee,Owen McFadden,2026-04-09,12:51:13,-07:00,2026-04-09T12:51:13-07:00,0,0
style.css,61,css,5c63d82b,Owen McFadden,2026-04-15,14:56:53,-07:00,2026-04-15T14:56:53-07:00,0,0
style.css,62,css,d438f1ee,Owen McFadden,2026-04-09,12:51:13,-07:00,2026-04-09T12:51:13-07:00,0,5
style.css,63,css,d438f1ee,Owen McFadden,2026-04-09,12:51:13,-07:00,2026-04-09T12:51:13-07:00,1,6
style.css,64,css,d438f1ee,Owen McFadden,2026-04-09,12:51:13,-07:00,2026-04-09T12:51:13-07:00,1,20
style.css,65,css,d438f1ee,Owen McFadden,2026-04-09,12:51:13,-07:00,2026-04-09T12:51:13-07:00,1,13
style.css,66,css,d438f1ee,Owen McFadden,2026-04-09,12:51:13,-07:00,2026-04-09T12:51:13-07:00,1,17
style.css,67,css,d438f1ee,Owen McFadden,2026-04-09,12:51:13,-07:00,2026-04-09T12:51:13-07:00,1,13
style.css,68,css,d438f1ee,Owen McFadden,2026-04-09,12:51:13,-07:00,2026-04-09T12:51:13-07:00,1,47
style.css,69,css,d438f1ee,Owen McFadden,2026-04-09,12:51:13,-07:00,2026-04-09T12:51:13-07:00,1,17
style.css,70,css,d438f1ee,Owen McFadden,2026-04-09,12:51:13,-07:00,2026-04-09T12:51:13-07:00,1,21
style.css,71,css,d438f1ee,Owen McFadden,2026-04-09,12:51:13,-07:00,2026-04-09T12:51:13-07:00,0,0
style.css,72,css,5c63d82b,Owen McFadden,2026-04-15,14:56:53,-07:00,2026-04-15T14:56:53-07:00,0,0
style.css,73,css,d438f1ee,Owen McFadden,2026-04-09,12:51:13,-07:00,2026-04-09T12:51:13-07:00,0,12
style.css,74,css,d438f1ee,Owen McFadden,2026-04-09,12:51:13,-07:00,2026-04-09T12:51:13-07:00,0,11
style.css,75,css,5c63d82b,Owen McFadden,2026-04-15,14:56:53,-07:00,2026-04-15T14:56:53-07:00,1,45
style.css,76,css,d438f1ee,Owen McFadden,2026-04-09,12:51:13,-07:00,2026-04-09T12:51:13-07:00,1,34
style.css,77,css,d438f1ee,Owen McFadden,2026-04-09,12:51:13,-07:00,2026-04-09T12:51:13-07:00,1,18
style.css,78,css,d438f1ee,Owen McFadden,2026-04-09,12:51:13,-07:00,2026-04-09T12:51:13-07:00,0,0
style.css,79,css,5c63d82b,Owen McFadden,2026-04-15,14:56:53,-07:00,2026-04-15T14:56:53-07:00,0,0
style.css,80,css,d438f1ee,Owen McFadden,2026-04-09,12:51:13,-07:00,2026-04-09T12:51:13-07:00,0,11
style.css,81,css,d438f1ee,Owen McFadden,2026-04-09,12:51:13,-07:00,2026-04-09T12:51:13-07:00,1,39
style.css,82,css,d438f1ee,Owen McFadden,2026-04-09,12:51:13,-07:00,2026-04-09T12:51:13-07:00,1,25
style.css,83,css,d438f1ee,Owen McFadden,2026-04-09,12:51:13,-07:00,2026-04-09T12:51:13-07:00,0,0
style.css,84,css,5c63d82b,Owen McFadden,2026-04-15,14:56:53,-07:00,2026-04-15T14:56:53-07:00,0,0
style.css,85,css,5c63d82b,Owen McFadden,2026-04-15,14:56:53,-07:00,2026-04-15T14:56:53-07:00,0,13
style.css,86,css,5c63d82b,Owen McFadden,2026-04-15,14:56:53,-07:00,2026-04-15T14:56:53-07:00,1,17
style.css,87,css,5c63d82b,Owen McFadden,2026-04-15,14:56:53,-07:00,2026-04-15T14:56:53-07:00,1,8
style.css,88,css,5c63d82b,Owen McFadden,2026-04-15,14:56:53,-07:00,2026-04-15T14:56:53-07:00,1,10
style.css,89,css,5c63d82b,Owen McFadden,2026-04-15,14:56:53,-07:00,2026-04-15T14:56:53-07:00,1,13
style.css,90,css,5c63d82b,Owen McFadden,2026-04-15,14:56:53,-07:00,2026-04-15T14:56:53-07:00,1,19
style.css,91,css,5c63d82b,Owen McFadden,2026-04-15,14:56:53,-07:00,2026-04-15T14:56:53-07:00,0,0
style.css,92,css,5c63d82b,Owen McFadden,2026-04-15,14:56:53,-07:00,2026-04-15T14:56:53-07:00,0,0
style.css,93,css,5c63d82b,Owen McFadden,2026-04-15,14:56:53,-07:00,2026-04-15T14:56:53-07:00,0,4
style.css,94,css,5c63d82b,Owen McFadden,2026-04-15,14:56:53,-07:00,2026-04-15T14:56:53-07:00,0,7
style.css,95,css,5c63d82b,Owen McFadden,2026-04-15,14:56:53,-07:00,2026-04-15T14:56:53-07:00,0,5
style.css,96,css,5c63d82b,Owen McFadden,2026-04-15,14:56:53,-07:00,2026-04-15T14:56:53-07:00,0,6
style.css,97,css,5c63d82b,Owen McFadden,2026-04-15,14:56:53,-07:00,2026-04-15T14:56:53-07:00,1,12
style.css,98,css,5c63d82b,Owen McFadden,2026-04-15,14:56:53,-07:00,2026-04-15T14:56:53-07:00,0,0
style.css,99,css,5c63d82b,Owen McFadden,2026-04-15,14:56:53,-07:00,2026-04-15T14:56:53-07:00,0,0
style.css,100,css,5c63d82b,Owen McFadden,2026-04-15,14:56:53,-07:00,2026-04-15T14:56:53-07:00,0,4
style.css,101,css,5c63d82b,Owen McFadden,2026-04-15,14:56:53,-07:00,2026-04-15T14:56:53-07:00,1,12
style.css,102,css,5c63d82b,Owen McFadden,2026-04-15,14:56:53,-07:00,2026-04-15T14:56:53-07:00,1,30
style.css,103,css,5c63d82b,Owen McFadden,2026-04-15,14:56:53,-07:00,2026-04-15T14:56:53-07:00,1,7
style.css,104,css,5c63d82b,Owen McFadden,2026-04-15,14:56:53,-07:00,2026-04-15T14:56:53-07:00,1,18
style.css,105,css,5c63d82b,Owen McFadden,2026-04-15,14:56:53,-07:00,2026-04-15T14:56:53-07:00,0,0
style.css,106,css,5c63d82b,Owen McFadden,2026-04-15,14:56:53,-07:00,2026-04-15T14:56:53-07:00,0,0
style.css,107,css,5c63d82b,Owen McFadden,2026-04-15,14:56:53,-07:00,2026-04-15T14:56:53-07:00,0,5
style.css,108,css,5c63d82b,Owen McFadden,2026-04-15,14:56:53,-07:00,2026-04-15T14:56:53-07:00,1,12
style.css,109,css,5c63d82b,Owen McFadden,2026-04-15,14:56:53,-07:00,2026-04-15T14:56:53-07:00,1,29
style.css,110,css,5c63d82b,Owen McFadden,2026-04-15,14:56:53,-07:00,2026-04-15T14:56:53-07:00,1,18
style.css,111,css,5c63d82b,Owen McFadden,2026-04-15,14:56:53,-07:00,2026-04-15T14:56:53-07:00,0,0
style.css,112,css,5c63d82b,Owen McFadden,2026-04-15,14:56:53,-07:00,2026-04-15T14:56:53-07:00,0,0
style.css,113,css,5c63d82b,Owen McFadden,2026-04-15,14:56:53,-07:00,2026-04-15T14:56:53-07:00,0,6
style.css,114,css,5c63d82b,Owen McFadden,2026-04-15,14:56:53,-07:00,2026-04-15T14:56:53-07:00,1,18
style.css,115,css,5c63d82b,Owen McFadden,2026-04-15,14:56:53,-07:00,2026-04-15T14:56:53-07:00,0,0
style.css,116,css,5c63d82b,Owen McFadden,2026-04-15,14:56:53,-07:00,2026-04-15T14:56:53-07:00,0,0
style.css,117,css,5c63d82b,Owen McFadden,2026-04-15,14:56:53,-07:00,2026-04-15T14:56:53-07:00,0,1
style.css,118,css,5c63d82b,Owen McFadden,2026-04-15,14:56:53,-07:00,2026-04-15T14:56:53-07:00,1,25
style.css,119,css,5c63d82b,Owen McFadden,2026-04-15,14:56:53,-07:00,2026-04-15T14:56:53-07:00,0,0
style.css,120,css,5c63d82b,Owen McFadden,2026-04-15,14:56:53,-07:00,2026-04-15T14:56:53-07:00,0,0
style.css,121,css,d438f1ee,Owen McFadden,2026-04-09,12:51:13,-07:00,2026-04-09T12:51:13-07:00,0,6
style.css,122,css,d438f1ee,Owen McFadden,2026-04-09,12:51:13,-07:00,2026-04-09T12:51:13-07:00,1,16
style.css,123,css,d438f1ee,Owen McFadden,2026-04-09,12:51:13,-07:00,2026-04-09T12:51:13-07:00,1,24
style.css,124,css,d438f1ee,Owen McFadden,2026-04-09,12:51:13,-07:00,2026-04-09T12:51:13-07:00,1,21
style.css,125,css,d438f1ee,Owen McFadden,2026-04-09,12:51:13,-07:00,2026-04-09T12:51:13-07:00,1,47
style.css,126,css,d438f1ee,Owen McFadden,2026-04-09,12:51:13,-07:00,2026-04-09T12:51:13-07:00,0,0
style.css,127,css,5c63d82b,Owen McFadden,2026-04-15,14:56:53,-07:00,2026-04-15T14:56:53-07:00,0,0
style.css,128,css,d438f1ee,Owen McFadden,2026-04-09,12:51:13,-07:00,2026-04-09T12:51:13-07:00,0,8
style.css,129,css,d438f1ee,Owen McFadden,2026-04-09,12:51:13,-07:00,2026-04-09T12:51:13-07:00,1,25
style.css,130,css,d438f1ee,Owen McFadden,2026-04-09,12:51:13,-07:00,2026-04-09T12:51:13-07:00,1,20
style.css,131,css,d438f1ee,Owen McFadden,2026-04-09,12:51:13,-07:00,2026-04-09T12:51:13-07:00,0,0
style.css,132,css,5c63d82b,Owen McFadden,2026-04-15,14:56:53,-07:00,2026-04-15T14:56:53-07:00,0,0
style.css,133,css,d438f1ee,Owen McFadden,2026-04-09,12:51:13,-07:00,2026-04-09T12:51:13-07:00,0,14
style.css,134,css,d438f1ee,Owen McFadden,2026-04-09,12:51:13,-07:00,2026-04-09T12:51:13-07:00,1,25
style.css,135,css,d438f1ee,Owen McFadden,2026-04-09,12:51:13,-07:00,2026-04-09T12:51:13-07:00,0,0
style.css,136,css,5c63d82b,Owen McFadden,2026-04-15,14:56:53,-07:00,2026-04-15T14:56:53-07:00,0,0
style.css,137,css,d438f1ee,Owen McFadden,2026-04-09,12:51:13,-07:00,2026-04-09T12:51:13-07:00,0,10
style.css,138,css,d438f1ee,Owen McFadden,2026-04-09,12:51:13,-07:00,2026-04-09T12:51:13-07:00,1,17
style.css,139,css,be45d011,Owen McFadden,2026-04-15,15:34:40,-07:00,2026-04-15T15:34:40-07:00,1,49
style.css,140,css,d438f1ee,Owen McFadden,2026-04-09,12:51:13,-07:00,2026-04-09T12:51:13-07:00,1,41
style.css,141,css,d438f1ee,Owen McFadden,2026-04-09,12:51:13,-07:00,2026-04-09T12:51:13-07:00,1,16
style.css,142,css,d438f1ee,Owen McFadden,2026-04-09,12:51:13,-07:00,2026-04-09T12:51:13-07:00,1,20
style.css,143,css,d438f1ee,Owen McFadden,2026-04-09,12:51:13,-07:00,2026-04-09T12:51:13-07:00,0,0
style.css,144,css,5c63d82b,Owen McFadden,2026-04-15,14:56:53,-07:00,2026-04-15T14:56:53-07:00,0,0
style.css,145,css,d438f1ee,Owen McFadden,2026-04-09,12:51:13,-07:00,2026-04-09T12:51:13-07:00,0,7
style.css,146,css,d438f1ee,Owen McFadden,2026-04-09,12:51:13,-07:00,2026-04-09T12:51:13-07:00,1,38
style.css,147,css,d438f1ee,Owen McFadden,2026-04-09,12:51:13,-07:00,2026-04-09T12:51:13-07:00,1,18
style.css,148,css,d438f1ee,Owen McFadden,2026-04-09,12:51:13,-07:00,2026-04-09T12:51:13-07:00,1,18
style.css,149,css,d438f1ee,Owen McFadden,2026-04-09,12:51:13,-07:00,2026-04-09T12:51:13-07:00,0,0
style.css,150,css,5c63d82b,Owen McFadden,2026-04-15,14:56:53,-07:00,2026-04-15T14:56:53-07:00,0,0
style.css,151,css,d438f1ee,Owen McFadden,2026-04-09,12:51:13,-07:00,2026-04-09T12:51:13-07:00,0,15
style.css,152,css,d438f1ee,Owen McFadden,2026-04-09,12:51:13,-07:00,2026-04-09T12:51:13-07:00,1,12
style.css,153,css,d438f1ee,Owen McFadden,2026-04-09,12:51:13,-07:00,2026-04-09T12:51:13-07:00,1,30
style.css,154,css,d438f1ee,Owen McFadden,2026-04-09,12:51:13,-07:00,2026-04-09T12:51:13-07:00,1,11
style.css,155,css,d438f1ee,Owen McFadden,2026-04-09,12:51:13,-07:00,2026-04-09T12:51:13-07:00,1,20
style.css,156,css,d438f1ee,Owen McFadden,2026-04-09,12:51:13,-07:00,2026-04-09T12:51:13-07:00,1,17
style.css,157,css,d438f1ee,Owen McFadden,2026-04-09,12:51:13,-07:00,2026-04-09T12:51:13-07:00,0,0
style.css,158,css,5c63d82b,Owen McFadden,2026-04-15,14:56:53,-07:00,2026-04-15T14:56:53-07:00,0,0
style.css,159,css,d438f1ee,Owen McFadden,2026-04-09,12:51:13,-07:00,2026-04-09T12:51:13-07:00,0,18
style.css,160,css,d438f1ee,Owen McFadden,2026-04-09,12:51:13,-07:00,2026-04-09T12:51:13-07:00,1,13
style.css,161,css,d438f1ee,Owen McFadden,2026-04-09,12:51:13,-07:00,2026-04-09T12:51:13-07:00,1,10
style.css,162,css,d438f1ee,Owen McFadden,2026-04-09,12:51:13,-07:00,2026-04-09T12:51:13-07:00,0,0
style.css,163,css,5c63d82b,Owen McFadden,2026-04-15,14:56:53,-07:00,2026-04-15T14:56:53-07:00,0,0
style.css,164,css,d438f1ee,Owen McFadden,2026-04-09,12:51:13,-07:00,2026-04-09T12:51:13-07:00,0,33
style.css,165,css,d438f1ee,Owen McFadden,2026-04-09,12:51:13,-07:00,2026-04-09T12:51:13-07:00,1,13
style.css,166,css,d438f1ee,Owen McFadden,2026-04-09,12:51:13,-07:00,2026-04-09T12:51:13-07:00,1,10
style.css,167,css,d438f1ee,Owen McFadden,2026-04-09,12:51:13,-07:00,2026-04-09T12:51:13-07:00,1,17
style.css,168,css,d438f1ee,Owen McFadden,2026-04-09,12:51:13,-07:00,2026-04-09T12:51:13-07:00,1,24
style.css,169,css,d438f1ee,Owen McFadden,2026-04-09,12:51:13,-07:00,2026-04-09T12:51:13-07:00,1,47
style.css,170,css,d438f1ee,Owen McFadden,2026-04-09,12:51:13,-07:00,2026-04-09T12:51:13-07:00,1,18
style.css,171,css,d438f1ee,Owen McFadden,2026-04-09,12:51:13,-07:00,2026-04-09T12:51:13-07:00,1,17
style.css,172,css,d438f1ee,Owen McFadden,2026-04-09,12:51:13,-07:00,2026-04-09T12:51:13-07:00,0,0
style.css,173,css,5c63d82b,Owen McFadden,2026-04-15,14:56:53,-07:00,2026-04-15T14:56:53-07:00,0,0
style.css,174,css,d438f1ee,Owen McFadden,2026-04-09,12:51:13,-07:00,2026-04-09T12:51:13-07:00,0,18
style.css,175,css,d438f1ee,Owen McFadden,2026-04-09,12:51:13,-07:00,2026-04-09T12:51:13-07:00,1,18
style.css,176,css,d438f1ee,Owen McFadden,2026-04-09,12:51:13,-07:00,2026-04-09T12:51:13-07:00,1,20
style.css,177,css,d438f1ee,Owen McFadden,2026-04-09,12:51:13,-07:00,2026-04-09T12:51:13-07:00,1,18
style.css,178,css,d438f1ee,Owen McFadden,2026-04-09,12:51:13,-07:00,2026-04-09T12:51:13-07:00,0,0
style.css,179,css,d438f1ee,Owen McFadden,2026-04-09,12:51:13,-07:00,2026-04-09T12:51:13-07:00,0,0
style.css,180,css,d438f1ee,Owen McFadden,2026-04-09,12:51:13,-07:00,2026-04-09T12:51:13-07:00,0,29
style.css,181,css,d438f1ee,Owen McFadden,2026-04-09,12:51:13,-07:00,2026-04-09T12:51:13-07:00,1,25
style.css,182,css,d438f1ee,Owen McFadden,2026-04-09,12:51:13,-07:00,2026-04-09T12:51:13-07:00,0,0
style.css,183,css,5c63d82b,Owen McFadden,2026-04-15,14:56:53,-07:00,2026-04-15T14:56:53-07:00,0,0
style.css,184,css,d438f1ee,Owen McFadden,2026-04-09,12:51:13,-07:00,2026-04-09T12:51:13-07:00,0,31
style.css,185,css,d438f1ee,Owen McFadden,2026-04-09,12:51:13,-07:00,2026-04-09T12:51:13-07:00,1,13
style.css,186,css,d438f1ee,Owen McFadden,2026-04-09,12:51:13,-07:00,2026-04-09T12:51:13-07:00,1,18
style.css,187,css,d438f1ee,Owen McFadden,2026-04-09,12:51:13,-07:00,2026-04-09T12:51:13-07:00,1,17
style.css,188,css,d438f1ee,Owen McFadden,2026-04-09,12:51:13,-07:00,2026-04-09T12:51:13-07:00,0,0
style.css,189,css,5c63d82b,Owen McFadden,2026-04-15,14:56:53,-07:00,2026-04-15T14:56:53-07:00,0,0
style.css,190,css,d438f1ee,Owen McFadden,2026-04-09,12:51:13,-07:00,2026-04-09T12:51:13-07:00,0,2
style.css,191,css,d438f1ee,Owen McFadden,2026-04-09,12:51:13,-07:00,2026-04-09T12:51:13-07:00,1,18
style.css,192,css,d438f1ee,Owen McFadden,2026-04-09,12:51:13,-07:00,2026-04-09T12:51:13-07:00,0,0
style.css,193,css,5c63d82b,Owen McFadden,2026-04-15,14:56:53,-07:00,2026-04-15T14:56:53-07:00,0,0
style.css,194,css,d438f1ee,Owen McFadden,2026-04-09,12:51:13,-07:00,2026-04-09T12:51:13-07:00,0,2
style.css,195,css,d438f1ee,Owen McFadden,2026-04-09,12:51:13,-07:00,2026-04-09T12:51:13-07:00,1,19
style.css,196,css,d438f1ee,Owen McFadden,2026-04-09,12:51:13,-07:00,2026-04-09T12:51:13-07:00,1,17
style.css,197,css,d438f1ee,Owen McFadden,2026-04-09,12:51:13,-07:00,2026-04-09T12:51:13-07:00,0,0
style.css,198,css,5c63d82b,Owen McFadden,2026-04-15,14:56:53,-07:00,2026-04-15T14:56:53-07:00,0,0
style.css,199,css,d438f1ee,Owen McFadden,2026-04-09,12:51:13,-07:00,2026-04-09T12:51:13-07:00,0,22
style.css,200,css,d438f1ee,Owen McFadden,2026-04-09,12:51:13,-07:00,2026-04-09T12:51:13-07:00,0,9
style.css,201,css,d438f1ee,Owen McFadden,2026-04-09,12:51:13,-07:00,2026-04-09T12:51:13-07:00,1,15
style.css,202,css,d438f1ee,Owen McFadden,2026-04-09,12:51:13,-07:00,2026-04-09T12:51:13-07:00,1,14
style.css,203,css,d438f1ee,Owen McFadden,2026-04-09,12:51:13,-07:00,2026-04-09T12:51:13-07:00,0,0
style.css,204,css,5c63d82b,Owen McFadden,2026-04-15,14:56:53,-07:00,2026-04-15T14:56:53-07:00,0,0
style.css,205,css,d438f1ee,Owen McFadden,2026-04-09,12:51:13,-07:00,2026-04-09T12:51:13-07:00,0,22
style.css,206,css,d438f1ee,Owen McFadden,2026-04-09,12:51:13,-07:00,2026-04-09T12:51:13-07:00,0,12
style.css,207,css,d438f1ee,Owen McFadden,2026-04-09,12:51:13,-07:00,2026-04-09T12:51:13-07:00,1,19
style.css,208,css,d438f1ee,Owen McFadden,2026-04-09,12:51:13,-07:00,2026-04-09T12:51:13-07:00,1,43
style.css,209,css,d438f1ee,Owen McFadden,2026-04-09,12:51:13,-07:00,2026-04-09T12:51:13-07:00,1,16
style.css,210,css,d438f1ee,Owen McFadden,2026-04-09,12:51:13,-07:00,2026-04-09T12:51:13-07:00,1,47
style.css,211,css,d438f1ee,Owen McFadden,2026-04-09,12:51:13,-07:00,2026-04-09T12:51:13-07:00,0,0
style.css,212,css,5c63d82b,Owen McFadden,2026-04-15,14:56:53,-07:00,2026-04-15T14:56:53-07:00,0,0
style.css,213,css,d438f1ee,Owen McFadden,2026-04-09,12:51:13,-07:00,2026-04-09T12:51:13-07:00,0,33
style.css,214,css,d438f1ee,Owen McFadden,2026-04-09,12:51:13,-07:00,2026-04-09T12:51:13-07:00,0,23
style.css,215,css,d438f1ee,Owen McFadden,2026-04-09,12:51:13,-07:00,2026-04-09T12:51:13-07:00,1,18
style.css,216,css,d438f1ee,Owen McFadden,2026-04-09,12:51:13,-07:00,2026-04-09T12:51:13-07:00,0,0
style.css,217,css,5c63d82b,Owen McFadden,2026-04-15,14:56:53,-07:00,2026-04-15T14:56:53-07:00,0,0
style.css,218,css,5c63d82b,Owen McFadden,2026-04-15,14:56:53,-07:00,2026-04-15T14:56:53-07:00,0,9
style.css,219,css,5c63d82b,Owen McFadden,2026-04-15,14:56:53,-07:00,2026-04-15T14:56:53-07:00,1,12
style.css,220,css,5c63d82b,Owen McFadden,2026-04-15,14:56:53,-07:00,2026-04-15T14:56:53-07:00,1,58
style.css,221,css,5c63d82b,Owen McFadden,2026-04-15,14:56:53,-07:00,2026-04-15T14:56:53-07:00,1,7
style.css,222,css,5c63d82b,Owen McFadden,2026-04-15,14:56:53,-07:00,2026-04-15T14:56:53-07:00,0,0
style.css,223,css,5c63d82b,Owen McFadden,2026-04-15,14:56:53,-07:00,2026-04-15T14:56:53-07:00,0,0
style.css,224,css,5c63d82b,Owen McFadden,2026-04-15,14:56:53,-07:00,2026-04-15T14:56:53-07:00,0,17
style.css,225,css,5c63d82b,Owen McFadden,2026-04-15,14:56:53,-07:00,2026-04-15T14:56:53-07:00,1,12
style.css,226,css,5c63d82b,Owen McFadden,2026-04-15,14:56:53,-07:00,2026-04-15T14:56:53-07:00,1,26
style.css,227,css,5c63d82b,Owen McFadden,2026-04-15,14:56:53,-07:00,2026-04-15T14:56:53-07:00,1,15
style.css,228,css,5c63d82b,Owen McFadden,2026-04-15,14:56:53,-07:00,2026-04-15T14:56:53-07:00,0,0
style.css,229,css,5c63d82b,Owen McFadden,2026-04-15,14:56:53,-07:00,2026-04-15T14:56:53-07:00,0,0
style.css,230,css,5c63d82b,Owen McFadden,2026-04-15,14:56:53,-07:00,2026-04-15T14:56:53-07:00,0,20
style.css,231,css,5c63d82b,Owen McFadden,2026-04-15,14:56:53,-07:00,2026-04-15T14:56:53-07:00,1,8
style.css,232,css,92a363fb,Owen McFadden,2026-04-23,10:53:40,-07:00,2026-04-23T10:53:40-07:00,0,0
style.css,233,css,92a363fb,Owen McFadden,2026-04-23,10:53:40,-07:00,2026-04-23T10:53:40-07:00,0,0
style.css,234,css,92a363fb,Owen McFadden,2026-04-23,10:53:40,-07:00,2026-04-23T10:53:40-07:00,0,17
style.css,235,css,92a363fb,Owen McFadden,2026-04-23,10:53:40,-07:00,2026-04-23T10:53:40-07:00,1,12
style.css,236,css,92a363fb,Owen McFadden,2026-04-23,10:53:40,-07:00,2026-04-23T10:53:40-07:00,1,36
style.css,237,css,92a363fb,Owen McFadden,2026-04-23,10:53:40,-07:00,2026-04-23T10:53:40-07:00,0,0
style.css,238,css,92a363fb,Owen McFadden,2026-04-23,10:53:40,-07:00,2026-04-23T10:53:40-07:00,0,0
style.css,239,css,92a363fb,Owen McFadden,2026-04-23,10:53:40,-07:00,2026-04-23T10:53:40-07:00,0,17
style.css,240,css,92a363fb,Owen McFadden,2026-04-23,10:53:40,-07:00,2026-04-23T10:53:40-07:00,1,10
style.css,241,css,92a363fb,Owen McFadden,2026-04-23,10:53:40,-07:00,2026-04-23T10:53:40-07:00,1,16
style.css,242,css,92a363fb,Owen McFadden,2026-04-23,10:53:40,-07:00,2026-04-23T10:53:40-07:00,1,47
style.css,243,css,92a363fb,Owen McFadden,2026-04-23,10:53:40,-07:00,2026-04-23T10:53:40-07:00,1,17
style.css,244,css,92a363fb,Owen McFadden,2026-04-23,10:53:40,-07:00,2026-04-23T10:53:40-07:00,1,24
style.css,245,css,92a363fb,Owen McFadden,2026-04-23,10:53:40,-07:00,2026-04-23T10:53:40-07:00,1,24
style.css,246,css,92a363fb,Owen McFadden,2026-04-23,10:53:40,-07:00,2026-04-23T10:53:40-07:00,1,21
style.css,247,css,92a363fb,Owen McFadden,2026-04-23,10:53:40,-07:00,2026-04-23T10:53:40-07:00,0,0
style.css,248,css,92a363fb,Owen McFadden,2026-04-23,10:53:40,-07:00,2026-04-23T10:53:40-07:00,0,0
style.css,249,css,92a363fb,Owen McFadden,2026-04-23,10:53:40,-07:00,2026-04-23T10:53:40-07:00,0,17
style.css,250,css,92a363fb,Owen McFadden,2026-04-23,10:53:40,-07:00,2026-04-23T10:53:40-07:00,1,10
style.css,251,css,92a363fb,Owen McFadden,2026-04-23,10:53:40,-07:00,2026-04-23T10:53:40-07:00,1,8
style.css,252,css,92a363fb,Owen McFadden,2026-04-23,10:53:40,-07:00,2026-04-23T10:53:40-07:00,1,14
style.css,253,css,92a363fb,Owen McFadden,2026-04-23,10:53:40,-07:00,2026-04-23T10:53:40-07:00,1,15
style.css,254,css,92a363fb,Owen McFadden,2026-04-23,10:53:40,-07:00,2026-04-23T10:53:40-07:00,1,47
style.css,255,css,46df8b93,Owen McFadden,2026-04-23,11:12:24,-07:00,2026-04-23T11:12:24-07:00,0,0
style.css,256,css,46df8b93,Owen McFadden,2026-04-23,11:12:24,-07:00,2026-04-23T11:12:24-07:00,0,0
style.css,257,css,46df8b93,Owen McFadden,2026-04-23,11:12:24,-07:00,2026-04-23T11:12:24-07:00,0,21
style.css,258,css,46df8b93,Owen McFadden,2026-04-23,11:12:24,-07:00,2026-04-23T11:12:24-07:00,1,10
style.css,259,css,46df8b93,Owen McFadden,2026-04-23,11:12:24,-07:00,2026-04-23T11:12:24-07:00,1,11
style.css,260,css,46df8b93,Owen McFadden,2026-04-23,11:12:24,-07:00,2026-04-23T11:12:24-07:00,1,16
style.css,261,css,27221c9a,Owen McFadden,2026-04-30,11:52:24,-07:00,2026-04-30T11:52:24-07:00,0,0
style.css,262,css,27221c9a,Owen McFadden,2026-04-30,11:52:24,-07:00,2026-04-30T11:52:24-07:00,0,0
style.css,263,css,27221c9a,Owen McFadden,2026-04-30,11:52:24,-07:00,2026-04-30T11:52:24-07:00,0,13
style.css,264,css,27221c9a,Owen McFadden,2026-04-30,11:52:24,-07:00,2026-04-30T11:52:24-07:00,1,30
style.css,265,css,27221c9a,Owen McFadden,2026-04-30,11:52:24,-07:00,2026-04-30T11:52:24-07:00,1,34
style.css,266,css,27221c9a,Owen McFadden,2026-04-30,11:52:24,-07:00,2026-04-30T11:52:24-07:00,1,24
style.css,267,css,27221c9a,Owen McFadden,2026-04-30,11:52:24,-07:00,2026-04-30T11:52:24-07:00,1,8
style.css,268,css,27221c9a,Owen McFadden,2026-04-30,11:52:24,-07:00,2026-04-30T11:52:24-07:00,1,17
style.css,269,css,0c24bded,Owen McFadden,2026-04-30,11:56:58,-07:00,2026-04-30T11:56:58-07:00,0,0
style.css,270,css,0c24bded,Owen McFadden,2026-04-30,11:56:58,-07:00,2026-04-30T11:56:58-07:00,0,0
style.css,271,css,0c24bded,Owen McFadden,2026-04-30,11:56:58,-07:00,2026-04-30T11:56:58-07:00,0,18
style.css,272,css,0c24bded,Owen McFadden,2026-04-30,11:56:58,-07:00,2026-04-30T11:56:58-07:00,1,14
style.css,273,css,0c24bded,Owen McFadden,2026-04-30,11:56:58,-07:00,2026-04-30T11:56:58-07:00,1,16
style.css,274,css,0c24bded,Owen McFadden,2026-04-30,11:56:58,-07:00,2026-04-30T11:56:58-07:00,1,16
style.css,275,css,749a8904,Owen McFadden,2026-04-30,11:59:46,-07:00,2026-04-30T11:59:46-07:00,0,0
style.css,276,css,749a8904,Owen McFadden,2026-04-30,11:59:46,-07:00,2026-04-30T11:59:46-07:00,0,0
style.css,277,css,749a8904,Owen McFadden,2026-04-30,11:59:46,-07:00,2026-04-30T11:59:46-07:00,0,10
style.css,278,css,749a8904,Owen McFadden,2026-04-30,11:59:46,-07:00,2026-04-30T11:59:46-07:00,1,12
style.css,279,css,749a8904,Owen McFadden,2026-04-30,11:59:46,-07:00,2026-04-30T11:59:46-07:00,1,18
style.css,280,css,749a8904,Owen McFadden,2026-04-30,11:59:46,-07:00,2026-04-30T11:59:46-07:00,1,7
style.css,281,css,749a8904,Owen McFadden,2026-04-30,11:59:46,-07:00,2026-04-30T11:59:46-07:00,0,0
style.css,282,css,749a8904,Owen McFadden,2026-04-30,11:59:46,-07:00,2026-04-30T11:59:46-07:00,0,0
style.css,283,css,749a8904,Owen McFadden,2026-04-30,11:59:46,-07:00,2026-04-30T11:59:46-07:00,0,7
style.css,284,css,749a8904,Owen McFadden,2026-04-30,11:59:46,-07:00,2026-04-30T11:59:46-07:00,1,12
style.css,285,css,749a8904,Owen McFadden,2026-04-30,11:59:46,-07:00,2026-04-30T11:59:46-07:00,1,57
style.css,286,css,749a8904,Owen McFadden,2026-04-30,11:59:46,-07:00,2026-04-30T11:59:46-07:00,1,7
style.css,287,css,749a8904,Owen McFadden,2026-04-30,11:59:46,-07:00,2026-04-30T11:59:46-07:00,1,6
style.css,288,css,749a8904,Owen McFadden,2026-04-30,11:59:46,-07:00,2026-04-30T11:59:46-07:00,1,34
style.css,289,css,749a8904,Owen McFadden,2026-04-30,11:59:46,-07:00,2026-04-30T11:59:46-07:00,1,11
style.css,290,css,749a8904,Owen McFadden,2026-04-30,11:59:46,-07:00,2026-04-30T11:59:46-07:00,1,8
style.css,291,css,749a8904,Owen McFadden,2026-04-30,11:59:46,-07:00,2026-04-30T11:59:46-07:00,1,15
style.css,292,css,749a8904,Owen McFadden,2026-04-30,11:59:46,-07:00,2026-04-30T11:59:46-07:00,0,0
style.css,293,css,749a8904,Owen McFadden,2026-04-30,11:59:46,-07:00,2026-04-30T11:59:46-07:00,0,0
style.css,294,css,749a8904,Owen McFadden,2026-04-30,11:59:46,-07:00,2026-04-30T11:59:46-07:00,0,12
style.css,295,css,749a8904,Owen McFadden,2026-04-30,11:59:46,-07:00,2026-04-30T11:59:46-07:00,1,12
style.css,296,css,749a8904,Owen McFadden,2026-04-30,11:59:46,-07:00,2026-04-30T11:59:46-07:00,1,18
style.css,297,css,749a8904,Owen McFadden,2026-04-30,11:59:46,-07:00,2026-04-30T11:59:46-07:00,1,9
style.css,298,css,749a8904,Owen McFadden,2026-04-30,11:59:46,-07:00,2026-04-30T11:59:46-07:00,1,47
style.css,299,css,749a8904,Owen McFadden,2026-04-30,11:59:46,-07:00,2026-04-30T11:59:46-07:00,1,17
style.css,300,css,749a8904,Owen McFadden,2026-04-30,11:59:46,-07:00,2026-04-30T11:59:46-07:00,0,0
style.css,301,css,749a8904,Owen McFadden,2026-04-30,11:59:46,-07:00,2026-04-30T11:59:46-07:00,0,0
style.css,302,css,749a8904,Owen McFadden,2026-04-30,11:59:46,-07:00,2026-04-30T11:59:46-07:00,0,7
style.css,303,css,749a8904,Owen McFadden,2026-04-30,11:59:46,-07:00,2026-04-30T11:59:46-07:00,1,20
style.css,304,css,749a8904,Owen McFadden,2026-04-30,11:59:46,-07:00,2026-04-30T11:59:46-07:00,1,9
style.css,305,css,749a8904,Owen McFadden,2026-04-30,11:59:46,-07:00,2026-04-30T11:59:46-07:00,1,18
style.css,306,css,749a8904,Owen McFadden,2026-04-30,11:59:46,-07:00,2026-04-30T11:59:46-07:00,1,29
style.css,307,css,749a8904,Owen McFadden,2026-04-30,11:59:46,-07:00,2026-04-30T11:59:46-07:00,1,17
style.css,308,css,749a8904,Owen McFadden,2026-04-30,11:59:46,-07:00,2026-04-30T11:59:46-07:00,1,13
style.css,309,css,9826ac84,Owen McFadden,2026-04-30,12:04:31,-07:00,2026-04-30T12:04:31-07:00,0,0
style.css,310,css,9826ac84,Owen McFadden,2026-04-30,12:04:31,-07:00,2026-04-30T12:04:31-07:00,0,0
style.css,311,css,9826ac84,Owen McFadden,2026-04-30,12:04:31,-07:00,2026-04-30T12:04:31-07:00,0,10
style.css,312,css,9826ac84,Owen McFadden,2026-04-30,12:04:31,-07:00,2026-04-30T12:04:31-07:00,1,10
style.css,313,css,9826ac84,Owen McFadden,2026-04-30,12:04:31,-07:00,2026-04-30T12:04:31-07:00,1,13
style.css,314,css,9826ac84,Owen McFadden,2026-04-30,12:04:31,-07:00,2026-04-30T12:04:31-07:00,1,16
style.css,315,css,9826ac84,Owen McFadden,2026-04-30,12:04:31,-07:00,2026-04-30T12:04:31-07:00,1,12
style.css,316,css,9826ac84,Owen McFadden,2026-04-30,12:04:31,-07:00,2026-04-30T12:04:31-07:00,1,34
style.css,317,css,9826ac84,Owen McFadden,2026-04-30,12:04:31,-07:00,2026-04-30T12:04:31-07:00,1,20
style.css,318,css,9826ac84,Owen McFadden,2026-04-30,12:04:31,-07:00,2026-04-30T12:04:31-07:00,1,21
style.css,319,css,e9540e67,Owen McFadden,2026-04-30,12:07:27,-07:00,2026-04-30T12:07:27-07:00,0,0
style.css,320,css,e9540e67,Owen McFadden,2026-04-30,12:07:27,-07:00,2026-04-30T12:07:27-07:00,0,0
style.css,321,css,e9540e67,Owen McFadden,2026-04-30,12:07:27,-07:00,2026-04-30T12:07:27-07:00,0,23
style.css,322,css,e9540e67,Owen McFadden,2026-04-30,12:07:27,-07:00,2026-04-30T12:07:27-07:00,1,14
style.css,323,css,e9540e67,Owen McFadden,2026-04-30,12:07:27,-07:00,2026-04-30T12:07:27-07:00,1,16
style.css,324,css,e9540e67,Owen McFadden,2026-04-30,12:07:27,-07:00,2026-04-30T12:07:27-07:00,0,0
style.css,325,css,e9540e67,Owen McFadden,2026-04-30,12:07:27,-07:00,2026-04-30T12:07:27-07:00,0,0
style.css,326,css,e9540e67,Owen McFadden,2026-04-30,12:07:27,-07:00,2026-04-30T12:07:27-07:00,0,51
style.css,327,css,e9540e67,Owen McFadden,2026-04-30,12:07:27,-07:00,2026-04-30T12:07:27-07:00,1,11
style.css,328,css,e9540e67,Owen McFadden,2026-04-30,12:07:27,-07:00,2026-04-30T12:07:27-07:00,0,0
style.css,329,css,e9540e67,Owen McFadden,2026-04-30,12:07:27,-07:00,2026-04-30T12:07:27-07:00,0,0
style.css,330,css,e9540e67,Owen McFadden,2026-04-30,12:07:27,-07:00,2026-04-30T12:07:27-07:00,0,9
style.css,331,css,e9540e67,Owen McFadden,2026-04-30,12:07:27,-07:00,2026-04-30T12:07:27-07:00,1,35
style.css,332,css,e9540e67,Owen McFadden,2026-04-30,12:07:27,-07:00,2026-04-30T12:07:27-07:00,0,0
style.css,333,css,e9540e67,Owen McFadden,2026-04-30,12:07:27,-07:00,2026-04-30T12:07:27-07:00,0,0
style.css,334,css,e9540e67,Owen McFadden,2026-04-30,12:07:27,-07:00,2026-04-30T12:07:27-07:00,0,32
style.css,335,css,e9540e67,Owen McFadden,2026-04-30,12:07:27,-07:00,2026-04-30T12:07:27-07:00,1,17
style.css,336,css,04cdfdc4,Owen McFadden,2026-03-30,21:16:14,-07:00,2026-03-30T21:16:14-07:00,0,0
index.js,1,js,5078461a,Owen McFadden,2026-04-23,10:48:19,-07:00,2026-04-23T10:48:19-07:00,0,71
index.js,2,js,60c9c19c,Owen McFadden,2026-04-23,10:44:45,-07:00,2026-04-23T10:44:45-07:00,0,0
index.js,3,js,60c9c19c,Owen McFadden,2026-04-23,10:44:45,-07:00,2026-04-23T10:44:45-07:00,0,54
index.js,4,js,60c9c19c,Owen McFadden,2026-04-23,10:44:45,-07:00,2026-04-23T10:44:45-07:00,0,42
index.js,5,js,60c9c19c,Owen McFadden,2026-04-23,10:44:45,-07:00,2026-04-23T10:44:45-07:00,0,0
index.js,6,js,60c9c19c,Owen McFadden,2026-04-23,10:44:45,-07:00,2026-04-23T10:44:45-07:00,0,60
index.js,7,js,5078461a,Owen McFadden,2026-04-23,10:48:19,-07:00,2026-04-23T10:48:19-07:00,0,54
index.js,8,js,5078461a,Owen McFadden,2026-04-23,10:48:19,-07:00,2026-04-23T10:48:19-07:00,0,0
index.js,9,js,5078461a,Owen McFadden,2026-04-23,10:48:19,-07:00,2026-04-23T10:48:19-07:00,0,56
index.js,10,js,92a363fb,Owen McFadden,2026-04-23,10:53:40,-07:00,2026-04-23T10:53:40-07:00,0,0
index.js,11,js,92a363fb,Owen McFadden,2026-04-23,10:53:40,-07:00,2026-04-23T10:53:40-07:00,0,60
index.js,12,js,92a363fb,Owen McFadden,2026-04-23,10:53:40,-07:00,2026-04-23T10:53:40-07:00,0,17
index.js,13,js,92a363fb,Owen McFadden,2026-04-23,10:53:40,-07:00,2026-04-23T10:53:40-07:00,1,24
index.js,14,js,92a363fb,Owen McFadden,2026-04-23,10:53:40,-07:00,2026-04-23T10:53:40-07:00,2,2
index.js,15,js,92a363fb,Owen McFadden,2026-04-23,10:53:40,-07:00,2026-04-23T10:53:40-07:00,3,55
index.js,16,js,92a363fb,Owen McFadden,2026-04-23,10:53:40,-07:00,2026-04-23T10:53:40-07:00,3,55
index.js,17,js,92a363fb,Owen McFadden,2026-04-23,10:53:40,-07:00,2026-04-23T10:53:40-07:00,3,49
index.js,18,js,92a363fb,Owen McFadden,2026-04-23,10:53:40,-07:00,2026-04-23T10:53:40-07:00,3,49
index.js,19,js,92a363fb,Owen McFadden,2026-04-23,10:53:40,-07:00,2026-04-23T10:53:40-07:00,2,3
index.js,20,js,92a363fb,Owen McFadden,2026-04-23,10:53:40,-07:00,2026-04-23T10:53:40-07:00,1,0
index.js,21,js,92a363fb,Owen McFadden,2026-04-23,10:53:40,-07:00,2026-04-23T10:53:40-07:00,0,0
index.html,1,html,e35d2d46,Owen McFadden,2026-03-30,20:56:55,-07:00,2026-03-30T20:56:55-07:00,0,13
index.html,2,html,e35d2d46,Owen McFadden,2026-03-30,20:56:55,-07:00,2026-03-30T20:56:55-07:00,0,14
index.html,3,html,e35d2d46,Owen McFadden,2026-03-30,20:56:55,-07:00,2026-03-30T20:56:55-07:00,0,4
index.html,4,html,e35d2d46,Owen McFadden,2026-03-30,20:56:55,-07:00,2026-03-30T20:56:55-07:00,2,20
index.html,5,html,e35d2d46,Owen McFadden,2026-03-30,20:56:55,-07:00,2026-03-30T20:56:55-07:00,2,68
index.html,6,html,04cdfdc4,Owen McFadden,2026-03-30,21:16:14,-07:00,2026-03-30T21:16:14-07:00,2,40
index.html,7,html,e35d2d46,Owen McFadden,2026-03-30,20:56:55,-07:00,2026-03-30T20:56:55-07:00,2,55
index.html,8,html,e35d2d46,Owen McFadden,2026-03-30,20:56:55,-07:00,2026-03-30T20:56:55-07:00,0,5
index.html,9,html,e35d2d46,Owen McFadden,2026-03-30,20:56:55,-07:00,2026-03-30T20:56:55-07:00,0,4
index.html,10,html,e35d2d46,Owen McFadden,2026-03-30,20:56:55,-07:00,2026-03-30T20:56:55-07:00,2,20
index.html,11,html,04cdfdc4,Owen McFadden,2026-03-30,21:16:14,-07:00,2026-03-30T21:16:14-07:00,2,76
index.html,12,html,022aad64,Owen McFadden,2026-04-09,12:30:16,-07:00,2026-04-09T12:30:16-07:00,4,81
index.html,13,html,022aad64,Owen McFadden,2026-04-09,12:30:16,-07:00,2026-04-09T12:30:16-07:00,4,46
index.html,14,html,bd79031c,Owen McFadden,2026-03-31,09:59:07,-07:00,2026-03-31T09:59:07-07:00,2,56
index.html,15,html,bd79031c,Owen McFadden,2026-03-31,09:59:07,-07:00,2026-03-31T09:59:07-07:00,2,65
index.html,16,html,67edd67f,Owen McFadden,2026-04-15,14:34:55,-07:00,2026-04-15T14:34:55-07:00,0,0
index.html,17,html,92a363fb,Owen McFadden,2026-04-23,10:53:40,-07:00,2026-04-23T10:53:40-07:00,2,22
index.html,18,html,92a363fb,Owen McFadden,2026-04-23,10:53:40,-07:00,2026-04-23T10:53:40-07:00,3,22
index.html,19,html,92a363fb,Owen McFadden,2026-04-23,10:53:40,-07:00,2026-04-23T10:53:40-07:00,2,4
index.html,20,html,92a363fb,Owen McFadden,2026-04-23,10:53:40,-07:00,2026-04-23T10:53:40-07:00,0,0
index.html,21,html,60c9c19c,Owen McFadden,2026-04-23,10:44:45,-07:00,2026-04-23T10:44:45-07:00,2,22
index.html,22,html,60c9c19c,Owen McFadden,2026-04-23,10:44:45,-07:00,2026-04-23T10:44:45-07:00,2,26
index.html,23,html,60c9c19c,Owen McFadden,2026-04-23,10:44:45,-07:00,2026-04-23T10:44:45-07:00,0,0
index.html,24,html,27edad8d,Owen McFadden,2026-04-15,14:37:11,-07:00,2026-04-15T14:37:11-07:00,2,45
index.html,25,html,60c9c19c,Owen McFadden,2026-04-23,10:44:45,-07:00,2026-04-23T10:44:45-07:00,2,44
index.html,26,html,e35d2d46,Owen McFadden,2026-03-30,20:56:55,-07:00,2026-03-30T20:56:55-07:00,0,5
index.html,27,html,e35d2d46,Owen McFadden,2026-03-30,20:56:55,-07:00,2026-03-30T20:56:55-07:00,0,5
global.js,1,js,234ab0bc,Owen McFadden,2026-04-15,14:42:53,-07:00,2026-04-15T14:42:53-07:00,0,26
global.js,2,js,67edd67f,Owen McFadden,2026-04-15,14:34:55,-07:00,2026-04-15T14:34:55-07:00,0,0
global.js,3,js,67edd67f,Owen McFadden,2026-04-15,14:34:55,-07:00,2026-04-15T14:34:55-07:00,0,41
global.js,4,js,67edd67f,Owen McFadden,2026-04-15,14:34:55,-07:00,2026-04-15T14:34:55-07:00,1,52
global.js,5,js,234ab0bc,Owen McFadden,2026-04-15,14:42:53,-07:00,2026-04-15T14:42:53-07:00,0,0
global.js,6,js,234ab0bc,Owen McFadden,2026-04-15,14:42:53,-07:00,2026-04-15T14:42:53-07:00,0,0
global.js,7,js,0444cc10,Owen McFadden,2026-04-23,10:39:03,-07:00,2026-04-23T10:39:03-07:00,0,34
global.js,8,js,684116b0,Owen McFadden,2026-04-15,14:51:15,-07:00,2026-04-15T14:51:15-07:00,0,88
global.js,9,js,684116b0,Owen McFadden,2026-04-15,14:51:15,-07:00,2026-04-15T14:51:15-07:00,1,3
global.js,10,js,684116b0,Owen McFadden,2026-04-15,14:51:15,-07:00,2026-04-15T14:51:15-07:00,1,14
global.js,11,js,234ab0bc,Owen McFadden,2026-04-15,14:42:53,-07:00,2026-04-15T14:42:53-07:00,0,0
global.js,12,js,684116b0,Owen McFadden,2026-04-15,14:51:15,-07:00,2026-04-15T14:51:15-07:00,0,11
global.js,13,js,684116b0,Owen McFadden,2026-04-15,14:51:15,-07:00,2026-04-15T14:51:15-07:00,1,25
global.js,14,js,684116b0,Owen McFadden,2026-04-15,14:51:15,-07:00,2026-04-15T14:51:15-07:00,1,38
global.js,15,js,684116b0,Owen McFadden,2026-04-15,14:51:15,-07:00,2026-04-15T14:51:15-07:00,1,36
global.js,16,js,684116b0,Owen McFadden,2026-04-15,14:51:15,-07:00,2026-04-15T14:51:15-07:00,1,34
global.js,17,js,00000000,Not Committed Yet,2026-05-07,16:00:20,-07:00,2026-05-07T16:00:20-07:00,1,30
global.js,18,js,684116b0,Owen McFadden,2026-04-15,14:51:15,-07:00,2026-04-15T14:51:15-07:00,1,59
global.js,19,js,684116b0,Owen McFadden,2026-04-15,14:51:15,-07:00,2026-04-15T14:51:15-07:00,0,0
global.js,20,js,234ab0bc,Owen McFadden,2026-04-15,14:42:53,-07:00,2026-04-15T14:42:53-07:00,0,0
global.js,21,js,684116b0,Owen McFadden,2026-04-15,14:51:15,-07:00,2026-04-15T14:51:15-07:00,0,38
global.js,22,js,684116b0,Owen McFadden,2026-04-15,14:51:15,-07:00,2026-04-15T14:51:15-07:00,0,25
global.js,23,js,684116b0,Owen McFadden,2026-04-15,14:51:15,-07:00,2026-04-15T14:51:15-07:00,0,0
global.js,24,js,684116b0,Owen McFadden,2026-04-15,14:51:15,-07:00,2026-04-15T14:51:15-07:00,0,20
global.js,25,js,684116b0,Owen McFadden,2026-04-15,14:51:15,-07:00,2026-04-15T14:51:15-07:00,1,14
global.js,26,js,684116b0,Owen McFadden,2026-04-15,14:51:15,-07:00,2026-04-15T14:51:15-07:00,1,18
global.js,27,js,684116b0,Owen McFadden,2026-04-15,14:51:15,-07:00,2026-04-15T14:51:15-07:00,0,0
global.js,28,js,684116b0,Owen McFadden,2026-04-15,14:51:15,-07:00,2026-04-15T14:51:15-07:00,1,52
global.js,29,js,684116b0,Owen McFadden,2026-04-15,14:51:15,-07:00,2026-04-15T14:51:15-07:00,0,0
global.js,30,js,684116b0,Owen McFadden,2026-04-15,14:51:15,-07:00,2026-04-15T14:51:15-07:00,1,34
global.js,31,js,684116b0,Owen McFadden,2026-04-15,14:51:15,-07:00,2026-04-15T14:51:15-07:00,1,11
global.js,32,js,684116b0,Owen McFadden,2026-04-15,14:51:15,-07:00,2026-04-15T14:51:15-07:00,1,20
global.js,33,js,684116b0,Owen McFadden,2026-04-15,14:51:15,-07:00,2026-04-15T14:51:15-07:00,1,12
global.js,34,js,684116b0,Owen McFadden,2026-04-15,14:51:15,-07:00,2026-04-15T14:51:15-07:00,0,0
global.js,35,js,684116b0,Owen McFadden,2026-04-15,14:51:15,-07:00,2026-04-15T14:51:15-07:00,1,17
global.js,36,js,684116b0,Owen McFadden,2026-04-15,14:51:15,-07:00,2026-04-15T14:51:15-07:00,2,8
global.js,37,js,684116b0,Owen McFadden,2026-04-15,14:51:15,-07:00,2026-04-15T14:51:15-07:00,2,59
global.js,38,js,684116b0,Owen McFadden,2026-04-15,14:51:15,-07:00,2026-04-15T14:51:15-07:00,1,0
global.js,39,js,684116b0,Owen McFadden,2026-04-15,14:51:15,-07:00,2026-04-15T14:51:15-07:00,0,0
global.js,40,js,684116b0,Owen McFadden,2026-04-15,14:51:15,-07:00,2026-04-15T14:51:15-07:00,1,29
global.js,41,js,684116b0,Owen McFadden,2026-04-15,14:51:15,-07:00,2026-04-15T14:51:15-07:00,2,18
global.js,42,js,684116b0,Owen McFadden,2026-04-15,14:51:15,-07:00,2026-04-15T14:51:15-07:00,1,0
global.js,43,js,5c63d82b,Owen McFadden,2026-04-15,14:56:53,-07:00,2026-04-15T14:56:53-07:00,0,0
global.js,44,js,5c63d82b,Owen McFadden,2026-04-15,14:56:53,-07:00,2026-04-15T14:56:53-07:00,0,0
global.js,45,js,0444cc10,Owen McFadden,2026-04-23,10:39:03,-07:00,2026-04-23T10:39:03-07:00,0,29
global.js,46,js,5c63d82b,Owen McFadden,2026-04-15,14:56:53,-07:00,2026-04-15T14:56:53-07:00,0,31
global.js,47,js,5c63d82b,Owen McFadden,2026-04-15,14:56:53,-07:00,2026-04-15T14:56:53-07:00,1,11
global.js,48,js,5c63d82b,Owen McFadden,2026-04-15,14:56:53,-07:00,2026-04-15T14:56:53-07:00,1,27
global.js,49,js,5c63d82b,Owen McFadden,2026-04-15,14:56:53,-07:00,2026-04-15T14:56:53-07:00,2,4
global.js,50,js,5c63d82b,Owen McFadden,2026-04-15,14:56:53,-07:00,2026-04-15T14:56:53-07:00,2,6
global.js,51,js,5c63d82b,Owen McFadden,2026-04-15,14:56:53,-07:00,2026-04-15T14:56:53-07:00,3,43
global.js,52,js,5c63d82b,Owen McFadden,2026-04-15,14:56:53,-07:00,2026-04-15T14:56:53-07:00,3,34
global.js,53,js,5c63d82b,Owen McFadden,2026-04-15,14:56:53,-07:00,2026-04-15T14:56:53-07:00,3,32
global.js,54,js,5c63d82b,Owen McFadden,2026-04-15,14:56:53,-07:00,2026-04-15T14:56:53-07:00,2,7
global.js,55,js,5c63d82b,Owen McFadden,2026-04-15,14:56:53,-07:00,2026-04-15T14:56:53-07:00,1,8
global.js,56,js,5c63d82b,Owen McFadden,2026-04-15,14:56:53,-07:00,2026-04-15T14:56:53-07:00,0,0
global.js,57,js,5c63d82b,Owen McFadden,2026-04-15,14:56:53,-07:00,2026-04-15T14:56:53-07:00,0,0
global.js,58,js,5c63d82b,Owen McFadden,2026-04-15,14:56:53,-07:00,2026-04-15T14:56:53-07:00,0,36
global.js,59,js,5c63d82b,Owen McFadden,2026-04-15,14:56:53,-07:00,2026-04-15T14:56:53-07:00,1,70
global.js,60,js,5c63d82b,Owen McFadden,2026-04-15,14:56:53,-07:00,2026-04-15T14:56:53-07:00,1,25
global.js,61,js,5c63d82b,Owen McFadden,2026-04-15,14:56:53,-07:00,2026-04-15T14:56:53-07:00,0,0
global.js,62,js,5c63d82b,Owen McFadden,2026-04-15,14:56:53,-07:00,2026-04-15T14:56:53-07:00,0,0
global.js,63,js,5c63d82b,Owen McFadden,2026-04-15,14:56:53,-07:00,2026-04-15T14:56:53-07:00,0,60
global.js,64,js,5c63d82b,Owen McFadden,2026-04-15,14:56:53,-07:00,2026-04-15T14:56:53-07:00,0,0
global.js,65,js,5c63d82b,Owen McFadden,2026-04-15,14:56:53,-07:00,2026-04-15T14:56:53-07:00,0,34
global.js,66,js,5c63d82b,Owen McFadden,2026-04-15,14:56:53,-07:00,2026-04-15T14:56:53-07:00,1,39
global.js,67,js,5c63d82b,Owen McFadden,2026-04-15,14:56:53,-07:00,2026-04-15T14:56:53-07:00,0,0
global.js,68,js,5c63d82b,Owen McFadden,2026-04-15,14:56:53,-07:00,2026-04-15T14:56:53-07:00,0,0
global.js,69,js,5c63d82b,Owen McFadden,2026-04-15,14:56:53,-07:00,2026-04-15T14:56:53-07:00,0,49
global.js,70,js,5c63d82b,Owen McFadden,2026-04-15,14:56:53,-07:00,2026-04-15T14:56:53-07:00,1,44
global.js,71,js,5c63d82b,Owen McFadden,2026-04-15,14:56:53,-07:00,2026-04-15T14:56:53-07:00,1,33
global.js,72,js,0444cc10,Owen McFadden,2026-04-23,10:39:03,-07:00,2026-04-23T10:39:03-07:00,0,1
global.js,73,js,0444cc10,Owen McFadden,2026-04-23,10:39:03,-07:00,2026-04-23T10:39:03-07:00,0,0
global.js,74,js,0444cc10,Owen McFadden,2026-04-23,10:39:03,-07:00,2026-04-23T10:39:03-07:00,0,20
global.js,75,js,0444cc10,Owen McFadden,2026-04-23,10:39:03,-07:00,2026-04-23T10:39:03-07:00,0,36
global.js,76,js,0444cc10,Owen McFadden,2026-04-23,10:39:03,-07:00,2026-04-23T10:39:03-07:00,1,3
global.js,77,js,0444cc10,Owen McFadden,2026-04-23,10:39:03,-07:00,2026-04-23T10:39:03-07:00,2,32
global.js,78,js,0444cc10,Owen McFadden,2026-04-23,10:39:03,-07:00,2026-04-23T10:39:03-07:00,2,17
global.js,79,js,0444cc10,Owen McFadden,2026-04-23,10:39:03,-07:00,2026-04-23T10:39:03-07:00,3,66
global.js,80,js,0444cc10,Owen McFadden,2026-04-23,10:39:03,-07:00,2026-04-23T10:39:03-07:00,2,0
global.js,81,js,0444cc10,Owen McFadden,2026-04-23,10:39:03,-07:00,2026-04-23T10:39:03-07:00,2,33
global.js,82,js,0444cc10,Owen McFadden,2026-04-23,10:39:03,-07:00,2026-04-23T10:39:03-07:00,2,10
global.js,83,js,0444cc10,Owen McFadden,2026-04-23,10:39:03,-07:00,2026-04-23T10:39:03-07:00,1,15
global.js,84,js,0444cc10,Owen McFadden,2026-04-23,10:39:03,-07:00,2026-04-23T10:39:03-07:00,2,59
global.js,85,js,0444cc10,Owen McFadden,2026-04-23,10:39:03,-07:00,2026-04-23T10:39:03-07:00,1,0
global.js,86,js,0444cc10,Owen McFadden,2026-04-23,10:39:03,-07:00,2026-04-23T10:39:03-07:00,0,0
global.js,87,js,0444cc10,Owen McFadden,2026-04-23,10:39:03,-07:00,2026-04-23T10:39:03-07:00,0,0
global.js,88,js,0444cc10,Owen McFadden,2026-04-23,10:39:03,-07:00,2026-04-23T10:39:03-07:00,0,25
global.js,89,js,0444cc10,Owen McFadden,2026-04-23,10:39:03,-07:00,2026-04-23T10:39:03-07:00,0,79
global.js,90,js,0444cc10,Owen McFadden,2026-04-23,10:39:03,-07:00,2026-04-23T10:39:03-07:00,1,30
global.js,91,js,0444cc10,Owen McFadden,2026-04-23,10:39:03,-07:00,2026-04-23T10:39:03-07:00,1,29
global.js,92,js,0444cc10,Owen McFadden,2026-04-23,10:39:03,-07:00,2026-04-23T10:39:03-07:00,2,48
global.js,93,js,0444cc10,Owen McFadden,2026-04-23,10:39:03,-07:00,2026-04-23T10:39:03-07:00,2,19
global.js,94,js,0444cc10,Owen McFadden,2026-04-23,10:39:03,-07:00,2026-04-23T10:39:03-07:00,3,49
global.js,95,js,0444cc10,Owen McFadden,2026-04-23,10:39:03,-07:00,2026-04-23T10:39:03-07:00,3,49
global.js,96,js,27221c9a,Owen McFadden,2026-04-30,11:52:24,-07:00,2026-04-30T11:52:24-07:00,3,3
global.js,97,js,27221c9a,Owen McFadden,2026-04-30,11:52:24,-07:00,2026-04-30T11:52:24-07:00,4,27
global.js,98,js,27221c9a,Owen McFadden,2026-04-30,11:52:24,-07:00,2026-04-30T11:52:24-07:00,4,41
global.js,99,js,27221c9a,Owen McFadden,2026-04-30,11:52:24,-07:00,2026-04-30T11:52:24-07:00,3,4
global.js,100,js,0444cc10,Owen McFadden,2026-04-23,10:39:03,-07:00,2026-04-23T10:39:03-07:00,2,0
global.js,101,js,0444cc10,Owen McFadden,2026-04-23,10:39:03,-07:00,2026-04-23T10:39:03-07:00,2,36
global.js,102,js,0444cc10,Owen McFadden,2026-04-23,10:39:03,-07:00,2026-04-23T10:39:03-07:00,1,0
global.js,103,js,5078461a,Owen McFadden,2026-04-23,10:48:19,-07:00,2026-04-23T10:48:19-07:00,0,0
global.js,104,js,5078461a,Owen McFadden,2026-04-23,10:48:19,-07:00,2026-04-23T10:48:19-07:00,0,0
global.js,105,js,5078461a,Owen McFadden,2026-04-23,10:48:19,-07:00,2026-04-23T10:48:19-07:00,0,47
global.js,106,js,5078461a,Owen McFadden,2026-04-23,10:48:19,-07:00,2026-04-23T10:48:19-07:00,1,59
global.js,107,js,0444cc10,Owen McFadden,2026-04-23,10:39:03,-07:00,2026-04-23T10:39:03-07:00,0,0
resume\index.html,1,html,b3949cf1,Owen McFadden,2026-03-31,10:12:14,-07:00,2026-03-31T10:12:14-07:00,0,13
resume\index.html,2,html,b3949cf1,Owen McFadden,2026-03-31,10:12:14,-07:00,2026-03-31T10:12:14-07:00,0,14
resume\index.html,3,html,b3949cf1,Owen McFadden,2026-03-31,10:12:14,-07:00,2026-03-31T10:12:14-07:00,0,4
resume\index.html,4,html,b3949cf1,Owen McFadden,2026-03-31,10:12:14,-07:00,2026-03-31T10:12:14-07:00,2,20
resume\index.html,5,html,b3949cf1,Owen McFadden,2026-03-31,10:12:14,-07:00,2026-03-31T10:12:14-07:00,2,68
resume\index.html,6,html,d438f1ee,Owen McFadden,2026-04-09,12:51:13,-07:00,2026-04-09T12:51:13-07:00,2,43
resume\index.html,7,html,b3949cf1,Owen McFadden,2026-03-31,10:12:14,-07:00,2026-03-31T10:12:14-07:00,2,27
resume\index.html,8,html,b3949cf1,Owen McFadden,2026-03-31,10:12:14,-07:00,2026-03-31T10:12:14-07:00,0,5
resume\index.html,9,html,b3949cf1,Owen McFadden,2026-03-31,10:12:14,-07:00,2026-03-31T10:12:14-07:00,0,4
resume\index.html,10,html,ff6eb425,Owen McFadden,2026-03-31,10:30:50,-07:00,2026-03-31T10:30:50-07:00,0,0
resume\index.html,11,html,ff6eb425,Owen McFadden,2026-03-31,10:30:50,-07:00,2026-03-31T10:30:50-07:00,2,20
resume\index.html,12,html,ff6eb425,Owen McFadden,2026-03-31,10:30:50,-07:00,2026-03-31T10:30:50-07:00,0,0
resume\index.html,13,html,ff6eb425,Owen McFadden,2026-03-31,10:30:50,-07:00,2026-03-31T10:30:50-07:00,2,1
resume\index.html,14,html,ff6eb425,Owen McFadden,2026-03-31,10:30:50,-07:00,2026-03-31T10:30:50-07:00,2,39
resume\index.html,15,html,ff6eb425,Owen McFadden,2026-03-31,10:30:50,-07:00,2026-03-31T10:30:50-07:00,2,58
resume\index.html,16,html,5afde366,Owen McFadden,2026-03-31,10:32:30,-07:00,2026-03-31T10:32:30-07:00,2,52
resume\index.html,17,html,ff6eb425,Owen McFadden,2026-03-31,10:30:50,-07:00,2026-03-31T10:30:50-07:00,2,73
resume\index.html,18,html,ff6eb425,Owen McFadden,2026-03-31,10:30:50,-07:00,2026-03-31T10:30:50-07:00,2,2
resume\index.html,19,html,ff6eb425,Owen McFadden,2026-03-31,10:30:50,-07:00,2026-03-31T10:30:50-07:00,0,0
resume\index.html,20,html,ff6eb425,Owen McFadden,2026-03-31,10:30:50,-07:00,2026-03-31T10:30:50-07:00,2,1
resume\index.html,21,html,ff6eb425,Owen McFadden,2026-03-31,10:30:50,-07:00,2026-03-31T10:30:50-07:00,2,118
resume\index.html,22,html,ff6eb425,Owen McFadden,2026-03-31,10:30:50,-07:00,2026-03-31T10:30:50-07:00,2,2
resume\index.html,23,html,ff6eb425,Owen McFadden,2026-03-31,10:30:50,-07:00,2026-03-31T10:30:50-07:00,0,0
resume\index.html,24,html,ff6eb425,Owen McFadden,2026-03-31,10:30:50,-07:00,2026-03-31T10:30:50-07:00,2,7
resume\index.html,25,html,ff6eb425,Owen McFadden,2026-03-31,10:30:50,-07:00,2026-03-31T10:30:50-07:00,0,0
resume\index.html,26,html,ff6eb425,Owen McFadden,2026-03-31,10:30:50,-07:00,2026-03-31T10:30:50-07:00,2,16
resume\index.html,27,html,ff6eb425,Owen McFadden,2026-03-31,10:30:50,-07:00,2026-03-31T10:30:50-07:00,2,42
resume\index.html,28,html,ff6eb425,Owen McFadden,2026-03-31,10:30:50,-07:00,2026-03-31T10:30:50-07:00,0,0
resume\index.html,29,html,ff6eb425,Owen McFadden,2026-03-31,10:30:50,-07:00,2026-03-31T10:30:50-07:00,2,7
resume\index.html,30,html,ff6eb425,Owen McFadden,2026-03-31,10:30:50,-07:00,2026-03-31T10:30:50-07:00,2,24
resume\index.html,31,html,ff6eb425,Owen McFadden,2026-03-31,10:30:50,-07:00,2026-03-31T10:30:50-07:00,2,18
resume\index.html,32,html,ff6eb425,Owen McFadden,2026-03-31,10:30:50,-07:00,2026-03-31T10:30:50-07:00,2,69
resume\index.html,33,html,ff6eb425,Owen McFadden,2026-03-31,10:30:50,-07:00,2026-03-31T10:30:50-07:00,2,8
resume\index.html,34,html,ff6eb425,Owen McFadden,2026-03-31,10:30:50,-07:00,2026-03-31T10:30:50-07:00,0,0
resume\index.html,35,html,ff6eb425,Owen McFadden,2026-03-31,10:30:50,-07:00,2026-03-31T10:30:50-07:00,2,8
resume\index.html,36,html,ff6eb425,Owen McFadden,2026-03-31,10:30:50,-07:00,2026-03-31T10:30:50-07:00,0,0
resume\index.html,37,html,ff6eb425,Owen McFadden,2026-03-31,10:30:50,-07:00,2026-03-31T10:30:50-07:00,2,7
resume\index.html,38,html,ff6eb425,Owen McFadden,2026-03-31,10:30:50,-07:00,2026-03-31T10:30:50-07:00,0,0
resume\index.html,39,html,ff6eb425,Owen McFadden,2026-03-31,10:30:50,-07:00,2026-03-31T10:30:50-07:00,2,26
resume\index.html,40,html,ff6eb425,Owen McFadden,2026-03-31,10:30:50,-07:00,2026-03-31T10:30:50-07:00,0,0
resume\index.html,41,html,ff6eb425,Owen McFadden,2026-03-31,10:30:50,-07:00,2026-03-31T10:30:50-07:00,2,2
resume\index.html,42,html,ff6eb425,Owen McFadden,2026-03-31,10:30:50,-07:00,2026-03-31T10:30:50-07:00,2,53
resume\index.html,43,html,ff6eb425,Owen McFadden,2026-03-31,10:30:50,-07:00,2026-03-31T10:30:50-07:00,2,31
resume\index.html,44,html,ff6eb425,Owen McFadden,2026-03-31,10:30:50,-07:00,2026-03-31T10:30:50-07:00,2,53
resume\index.html,45,html,ff6eb425,Owen McFadden,2026-03-31,10:30:50,-07:00,2026-03-31T10:30:50-07:00,2,47
resume\index.html,46,html,ff6eb425,Owen McFadden,2026-03-31,10:30:50,-07:00,2026-03-31T10:30:50-07:00,2,25
resume\index.html,47,html,ff6eb425,Owen McFadden,2026-03-31,10:30:50,-07:00,2026-03-31T10:30:50-07:00,2,31
resume\index.html,48,html,ff6eb425,Owen McFadden,2026-03-31,10:30:50,-07:00,2026-03-31T10:30:50-07:00,2,50
resume\index.html,49,html,ff6eb425,Owen McFadden,2026-03-31,10:30:50,-07:00,2026-03-31T10:30:50-07:00,2,31
resume\index.html,50,html,ff6eb425,Owen McFadden,2026-03-31,10:30:50,-07:00,2026-03-31T10:30:50-07:00,2,30
resume\index.html,51,html,ff6eb425,Owen McFadden,2026-03-31,10:30:50,-07:00,2026-03-31T10:30:50-07:00,2,51
resume\index.html,52,html,ff6eb425,Owen McFadden,2026-03-31,10:30:50,-07:00,2026-03-31T10:30:50-07:00,2,3
resume\index.html,53,html,ff6eb425,Owen McFadden,2026-03-31,10:30:50,-07:00,2026-03-31T10:30:50-07:00,0,0
resume\index.html,54,html,ff6eb425,Owen McFadden,2026-03-31,10:30:50,-07:00,2026-03-31T10:30:50-07:00,2,8
resume\index.html,55,html,ff6eb425,Owen McFadden,2026-03-31,10:30:50,-07:00,2026-03-31T10:30:50-07:00,0,0
resume\index.html,56,html,ff6eb425,Owen McFadden,2026-03-31,10:30:50,-07:00,2026-03-31T10:30:50-07:00,2,7
resume\index.html,57,html,ff6eb425,Owen McFadden,2026-03-31,10:30:50,-07:00,2026-03-31T10:30:50-07:00,2,0
resume\index.html,58,html,ff6eb425,Owen McFadden,2026-03-31,10:30:50,-07:00,2026-03-31T10:30:50-07:00,2,36
resume\index.html,59,html,ff6eb425,Owen McFadden,2026-03-31,10:30:50,-07:00,2026-03-31T10:30:50-07:00,2,7
resume\index.html,60,html,ff6eb425,Owen McFadden,2026-03-31,10:30:50,-07:00,2026-03-31T10:30:50-07:00,2,34
resume\index.html,61,html,ff6eb425,Owen McFadden,2026-03-31,10:30:50,-07:00,2026-03-31T10:30:50-07:00,2,55
resume\index.html,62,html,ff6eb425,Owen McFadden,2026-03-31,10:30:50,-07:00,2026-03-31T10:30:50-07:00,0,0
resume\index.html,63,html,ff6eb425,Owen McFadden,2026-03-31,10:30:50,-07:00,2026-03-31T10:30:50-07:00,2,2
resume\index.html,64,html,ff6eb425,Owen McFadden,2026-03-31,10:30:50,-07:00,2026-03-31T10:30:50-07:00,2,21
resume\index.html,65,html,ff6eb425,Owen McFadden,2026-03-31,10:30:50,-07:00,2026-03-31T10:30:50-07:00,2,21
resume\index.html,66,html,ff6eb425,Owen McFadden,2026-03-31,10:30:50,-07:00,2026-03-31T10:30:50-07:00,2,21
resume\index.html,67,html,ff6eb425,Owen McFadden,2026-03-31,10:30:50,-07:00,2026-03-31T10:30:50-07:00,2,3
resume\index.html,68,html,ff6eb425,Owen McFadden,2026-03-31,10:30:50,-07:00,2026-03-31T10:30:50-07:00,2,8
resume\index.html,69,html,ff6eb425,Owen McFadden,2026-03-31,10:30:50,-07:00,2026-03-31T10:30:50-07:00,0,0
resume\index.html,70,html,ff6eb425,Owen McFadden,2026-03-31,10:30:50,-07:00,2026-03-31T10:30:50-07:00,0,0
resume\index.html,71,html,ff6eb425,Owen McFadden,2026-03-31,10:30:50,-07:00,2026-03-31T10:30:50-07:00,2,7
resume\index.html,72,html,ff6eb425,Owen McFadden,2026-03-31,10:30:50,-07:00,2026-03-31T10:30:50-07:00,2,34
resume\index.html,73,html,ff6eb425,Owen McFadden,2026-03-31,10:30:50,-07:00,2026-03-31T10:30:50-07:00,2,89
resume\index.html,74,html,ff6eb425,Owen McFadden,2026-03-31,10:30:50,-07:00,2026-03-31T10:30:50-07:00,0,0
resume\index.html,75,html,ff6eb425,Owen McFadden,2026-03-31,10:30:50,-07:00,2026-03-31T10:30:50-07:00,2,2
resume\index.html,76,html,ff6eb425,Owen McFadden,2026-03-31,10:30:50,-07:00,2026-03-31T10:30:50-07:00,2,21
resume\index.html,77,html,ff6eb425,Owen McFadden,2026-03-31,10:30:50,-07:00,2026-03-31T10:30:50-07:00,2,21
resume\index.html,78,html,ff6eb425,Owen McFadden,2026-03-31,10:30:50,-07:00,2026-03-31T10:30:50-07:00,2,3
resume\index.html,79,html,ff6eb425,Owen McFadden,2026-03-31,10:30:50,-07:00,2026-03-31T10:30:50-07:00,2,8
resume\index.html,80,html,ff6eb425,Owen McFadden,2026-03-31,10:30:50,-07:00,2026-03-31T10:30:50-07:00,0,0
resume\index.html,81,html,ff6eb425,Owen McFadden,2026-03-31,10:30:50,-07:00,2026-03-31T10:30:50-07:00,0,0
resume\index.html,82,html,ff6eb425,Owen McFadden,2026-03-31,10:30:50,-07:00,2026-03-31T10:30:50-07:00,2,7
resume\index.html,83,html,ff6eb425,Owen McFadden,2026-03-31,10:30:50,-07:00,2026-03-31T10:30:50-07:00,2,34
resume\index.html,84,html,ff6eb425,Owen McFadden,2026-03-31,10:30:50,-07:00,2026-03-31T10:30:50-07:00,2,89
resume\index.html,85,html,ff6eb425,Owen McFadden,2026-03-31,10:30:50,-07:00,2026-03-31T10:30:50-07:00,0,0
resume\index.html,86,html,ff6eb425,Owen McFadden,2026-03-31,10:30:50,-07:00,2026-03-31T10:30:50-07:00,2,2
resume\index.html,87,html,ff6eb425,Owen McFadden,2026-03-31,10:30:50,-07:00,2026-03-31T10:30:50-07:00,2,21
resume\index.html,88,html,ff6eb425,Owen McFadden,2026-03-31,10:30:50,-07:00,2026-03-31T10:30:50-07:00,2,21
resume\index.html,89,html,ff6eb425,Owen McFadden,2026-03-31,10:30:50,-07:00,2026-03-31T10:30:50-07:00,2,3
resume\index.html,90,html,ff6eb425,Owen McFadden,2026-03-31,10:30:50,-07:00,2026-03-31T10:30:50-07:00,2,8
resume\index.html,91,html,ff6eb425,Owen McFadden,2026-03-31,10:30:50,-07:00,2026-03-31T10:30:50-07:00,0,0
resume\index.html,92,html,ff6eb425,Owen McFadden,2026-03-31,10:30:50,-07:00,2026-03-31T10:30:50-07:00,0,0
resume\index.html,93,html,ff6eb425,Owen McFadden,2026-03-31,10:30:50,-07:00,2026-03-31T10:30:50-07:00,2,7
resume\index.html,94,html,ff6eb425,Owen McFadden,2026-03-31,10:30:50,-07:00,2026-03-31T10:30:50-07:00,2,34
resume\index.html,95,html,ff6eb425,Owen McFadden,2026-03-31,10:30:50,-07:00,2026-03-31T10:30:50-07:00,2,88
resume\index.html,96,html,ff6eb425,Owen McFadden,2026-03-31,10:30:50,-07:00,2026-03-31T10:30:50-07:00,0,0
resume\index.html,97,html,ff6eb425,Owen McFadden,2026-03-31,10:30:50,-07:00,2026-03-31T10:30:50-07:00,2,2
resume\index.html,98,html,ff6eb425,Owen McFadden,2026-03-31,10:30:50,-07:00,2026-03-31T10:30:50-07:00,2,21
resume\index.html,99,html,ff6eb425,Owen McFadden,2026-03-31,10:30:50,-07:00,2026-03-31T10:30:50-07:00,2,21
resume\index.html,100,html,ff6eb425,Owen McFadden,2026-03-31,10:30:50,-07:00,2026-03-31T10:30:50-07:00,2,3
resume\index.html,101,html,ff6eb425,Owen McFadden,2026-03-31,10:30:50,-07:00,2026-03-31T10:30:50-07:00,2,8
resume\index.html,102,html,ff6eb425,Owen McFadden,2026-03-31,10:30:50,-07:00,2026-03-31T10:30:50-07:00,0,0
resume\index.html,103,html,ff6eb425,Owen McFadden,2026-03-31,10:30:50,-07:00,2026-03-31T10:30:50-07:00,2,8
resume\index.html,104,html,ff6eb425,Owen McFadden,2026-03-31,10:30:50,-07:00,2026-03-31T10:30:50-07:00,2,0
resume\index.html,105,html,ff6eb425,Owen McFadden,2026-03-31,10:30:50,-07:00,2026-03-31T10:30:50-07:00,2,13
resume\index.html,106,html,ff6eb425,Owen McFadden,2026-03-31,10:30:50,-07:00,2026-03-31T10:30:50-07:00,0,0
resume\index.html,107,html,ff6eb425,Owen McFadden,2026-03-31,10:30:50,-07:00,2026-03-31T10:30:50-07:00,2,2
resume\index.html,108,html,ff6eb425,Owen McFadden,2026-03-31,10:30:50,-07:00,2026-03-31T10:30:50-07:00,2,99
resume\index.html,109,html,ff6eb425,Owen McFadden,2026-03-31,10:30:50,-07:00,2026-03-31T10:30:50-07:00,2,73
resume\index.html,110,html,ff6eb425,Owen McFadden,2026-03-31,10:30:50,-07:00,2026-03-31T10:30:50-07:00,2,51
resume\index.html,111,html,ff6eb425,Owen McFadden,2026-03-31,10:30:50,-07:00,2026-03-31T10:30:50-07:00,2,3
resume\index.html,112,html,ff6eb425,Owen McFadden,2026-03-31,10:30:50,-07:00,2026-03-31T10:30:50-07:00,0,0
resume\index.html,113,html,ff6eb425,Owen McFadden,2026-03-31,10:30:50,-07:00,2026-03-31T10:30:50-07:00,2,8
resume\index.html,114,html,ff6eb425,Owen McFadden,2026-03-31,10:30:50,-07:00,2026-03-31T10:30:50-07:00,0,0
resume\index.html,115,html,27edad8d,Owen McFadden,2026-04-15,14:37:11,-07:00,2026-04-15T14:37:11-07:00,2,48
resume\index.html,116,html,b3949cf1,Owen McFadden,2026-03-31,10:12:14,-07:00,2026-03-31T10:12:14-07:00,0,5
resume\index.html,117,html,b3949cf1,Owen McFadden,2026-03-31,10:12:14,-07:00,2026-03-31T10:12:14-07:00,0,5
projects\projects.js,1,js,0444cc10,Owen McFadden,2026-04-23,10:39:03,-07:00,2026-04-23T10:39:03-07:00,0,55
projects\projects.js,2,js,0c24bded,Owen McFadden,2026-04-30,11:56:58,-07:00,2026-04-30T11:56:58-07:00,0,63
projects\projects.js,3,js,0444cc10,Owen McFadden,2026-04-23,10:39:03,-07:00,2026-04-23T10:39:03-07:00,0,0
projects\projects.js,4,js,0444cc10,Owen McFadden,2026-04-23,10:39:03,-07:00,2026-04-23T10:39:03-07:00,0,55
projects\projects.js,5,js,0444cc10,Owen McFadden,2026-04-23,10:39:03,-07:00,2026-04-23T10:39:03-07:00,0,60
projects\projects.js,6,js,0444cc10,Owen McFadden,2026-04-23,10:39:03,-07:00,2026-04-23T10:39:03-07:00,0,0
projects\projects.js,7,js,0444cc10,Owen McFadden,2026-04-23,10:39:03,-07:00,2026-04-23T10:39:03-07:00,0,54
projects\projects.js,8,js,0444cc10,Owen McFadden,2026-04-23,10:39:03,-07:00,2026-04-23T10:39:03-07:00,0,10
projects\projects.js,9,js,0444cc10,Owen McFadden,2026-04-23,10:39:03,-07:00,2026-04-23T10:39:03-07:00,1,50
projects\projects.js,10,js,0444cc10,Owen McFadden,2026-04-23,10:39:03,-07:00,2026-04-23T10:39:03-07:00,0,0
projects\projects.js,11,js,0444cc10,Owen McFadden,2026-04-23,10:39:03,-07:00,2026-04-23T10:39:03-07:00,0,0
projects\projects.js,12,js,749a8904,Owen McFadden,2026-04-30,11:59:46,-07:00,2026-04-30T11:59:46-07:00,0,57
projects\projects.js,13,js,0c24bded,Owen McFadden,2026-04-30,11:56:58,-07:00,2026-04-30T11:56:58-07:00,0,47
projects\projects.js,14,js,e9540e67,Owen McFadden,2026-04-30,12:07:27,-07:00,2026-04-30T12:07:27-07:00,0,21
projects\projects.js,15,js,e9540e67,Owen McFadden,2026-04-30,12:07:27,-07:00,2026-04-30T12:07:27-07:00,0,13
projects\projects.js,16,js,0c24bded,Owen McFadden,2026-04-30,11:56:58,-07:00,2026-04-30T11:56:58-07:00,0,0
projects\projects.js,17,js,1bf9781e,Owen McFadden,2026-04-30,12:12:47,-07:00,2026-04-30T12:12:47-07:00,0,37
projects\projects.js,18,js,1bf9781e,Owen McFadden,2026-04-30,12:12:47,-07:00,2026-04-30T12:12:47-07:00,0,30
projects\projects.js,19,js,1bf9781e,Owen McFadden,2026-04-30,12:12:47,-07:00,2026-04-30T12:12:47-07:00,1,35
projects\projects.js,20,js,1bf9781e,Owen McFadden,2026-04-30,12:12:47,-07:00,2026-04-30T12:12:47-07:00,2,59
projects\projects.js,21,js,1bf9781e,Owen McFadden,2026-04-30,12:12:47,-07:00,2026-04-30T12:12:47-07:00,2,55
projects\projects.js,22,js,1bf9781e,Owen McFadden,2026-04-30,12:12:47,-07:00,2026-04-30T12:12:47-07:00,2,76
projects\projects.js,23,js,1bf9781e,Owen McFadden,2026-04-30,12:12:47,-07:00,2026-04-30T12:12:47-07:00,2,34
projects\projects.js,24,js,9826ac84,Owen McFadden,2026-04-30,12:04:31,-07:00,2026-04-30T12:04:31-07:00,1,1
projects\projects.js,25,js,1bf9781e,Owen McFadden,2026-04-30,12:12:47,-07:00,2026-04-30T12:12:47-07:00,0,0
projects\projects.js,26,js,1bf9781e,Owen McFadden,2026-04-30,12:12:47,-07:00,2026-04-30T12:12:47-07:00,0,0
projects\projects.js,27,js,1bf9781e,Owen McFadden,2026-04-30,12:12:47,-07:00,2026-04-30T12:12:47-07:00,0,27
projects\projects.js,28,js,1bf9781e,Owen McFadden,2026-04-30,12:12:47,-07:00,2026-04-30T12:12:47-07:00,1,68
projects\projects.js,29,js,1bf9781e,Owen McFadden,2026-04-30,12:12:47,-07:00,2026-04-30T12:12:47-07:00,1,76
projects\projects.js,30,js,1bf9781e,Owen McFadden,2026-04-30,12:12:47,-07:00,2026-04-30T12:12:47-07:00,1,62
projects\projects.js,31,js,1bf9781e,Owen McFadden,2026-04-30,12:12:47,-07:00,2026-04-30T12:12:47-07:00,0,0
projects\projects.js,32,js,1bf9781e,Owen McFadden,2026-04-30,12:12:47,-07:00,2026-04-30T12:12:47-07:00,0,0
projects\projects.js,33,js,1bf9781e,Owen McFadden,2026-04-30,12:12:47,-07:00,2026-04-30T12:12:47-07:00,0,38
projects\projects.js,34,js,1bf9781e,Owen McFadden,2026-04-30,12:12:47,-07:00,2026-04-30T12:12:47-07:00,1,76
projects\projects.js,35,js,1bf9781e,Owen McFadden,2026-04-30,12:12:47,-07:00,2026-04-30T12:12:47-07:00,1,82
projects\projects.js,36,js,9826ac84,Owen McFadden,2026-04-30,12:04:31,-07:00,2026-04-30T12:04:31-07:00,0,0
projects\projects.js,37,js,9826ac84,Owen McFadden,2026-04-30,12:04:31,-07:00,2026-04-30T12:04:31-07:00,1,53
projects\projects.js,38,js,9826ac84,Owen McFadden,2026-04-30,12:04:31,-07:00,2026-04-30T12:04:31-07:00,1,42
projects\projects.js,39,js,9826ac84,Owen McFadden,2026-04-30,12:04:31,-07:00,2026-04-30T12:04:31-07:00,1,51
projects\projects.js,40,js,9826ac84,Owen McFadden,2026-04-30,12:04:31,-07:00,2026-04-30T12:04:31-07:00,0,0
projects\projects.js,41,js,e9540e67,Owen McFadden,2026-04-30,12:07:27,-07:00,2026-04-30T12:07:27-07:00,1,25
projects\projects.js,42,js,e9540e67,Owen McFadden,2026-04-30,12:07:27,-07:00,2026-04-30T12:07:27-07:00,1,29
projects\projects.js,43,js,9826ac84,Owen McFadden,2026-04-30,12:04:31,-07:00,2026-04-30T12:04:31-07:00,1,44
projects\projects.js,44,js,9826ac84,Owen McFadden,2026-04-30,12:04:31,-07:00,2026-04-30T12:04:31-07:00,0,0
projects\projects.js,45,js,e9540e67,Owen McFadden,2026-04-30,12:07:27,-07:00,2026-04-30T12:07:27-07:00,1,27
projects\projects.js,46,js,e9540e67,Owen McFadden,2026-04-30,12:07:27,-07:00,2026-04-30T12:07:27-07:00,2,1
projects\projects.js,47,js,9826ac84,Owen McFadden,2026-04-30,12:04:31,-07:00,2026-04-30T12:04:31-07:00,3,13
projects\projects.js,48,js,9826ac84,Owen McFadden,2026-04-30,12:04:31,-07:00,2026-04-30T12:04:31-07:00,3,13
projects\projects.js,49,js,e9540e67,Owen McFadden,2026-04-30,12:07:27,-07:00,2026-04-30T12:07:27-07:00,3,22
projects\projects.js,50,js,e9540e67,Owen McFadden,2026-04-30,12:07:27,-07:00,2026-04-30T12:07:27-07:00,3,51
projects\projects.js,51,js,e9540e67,Owen McFadden,2026-04-30,12:07:27,-07:00,2026-04-30T12:07:27-07:00,3,18
projects\projects.js,52,js,e9540e67,Owen McFadden,2026-04-30,12:07:27,-07:00,2026-04-30T12:07:27-07:00,4,43
projects\projects.js,53,js,1bf9781e,Owen McFadden,2026-04-30,12:12:47,-07:00,2026-04-30T12:12:47-07:00,4,35
projects\projects.js,54,js,1bf9781e,Owen McFadden,2026-04-30,12:12:47,-07:00,2026-04-30T12:12:47-07:00,4,48
projects\projects.js,55,js,1bf9781e,Owen McFadden,2026-04-30,12:12:47,-07:00,2026-04-30T12:12:47-07:00,4,23
projects\projects.js,56,js,e9540e67,Owen McFadden,2026-04-30,12:07:27,-07:00,2026-04-30T12:07:27-07:00,3,1
projects\projects.js,57,js,9826ac84,Owen McFadden,2026-04-30,12:04:31,-07:00,2026-04-30T12:04:31-07:00,1,1
projects\projects.js,58,js,9826ac84,Owen McFadden,2026-04-30,12:04:31,-07:00,2026-04-30T12:04:31-07:00,0,0
projects\projects.js,59,js,9826ac84,Owen McFadden,2026-04-30,12:04:31,-07:00,2026-04-30T12:04:31-07:00,1,32
projects\projects.js,60,js,9826ac84,Owen McFadden,2026-04-30,12:04:31,-07:00,2026-04-30T12:04:31-07:00,1,27
projects\projects.js,61,js,9826ac84,Owen McFadden,2026-04-30,12:04:31,-07:00,2026-04-30T12:04:31-07:00,2,4
projects\projects.js,62,js,9826ac84,Owen McFadden,2026-04-30,12:04:31,-07:00,2026-04-30T12:04:31-07:00,3,11
projects\projects.js,63,js,9826ac84,Owen McFadden,2026-04-30,12:04:31,-07:00,2026-04-30T12:04:31-07:00,3,38
projects\projects.js,64,js,e9540e67,Owen McFadden,2026-04-30,12:07:27,-07:00,2026-04-30T12:07:27-07:00,3,76
projects\projects.js,65,js,9826ac84,Owen McFadden,2026-04-30,12:04:31,-07:00,2026-04-30T12:04:31-07:00,3,69
projects\projects.js,66,js,9826ac84,Owen McFadden,2026-04-30,12:04:31,-07:00,2026-04-30T12:04:31-07:00,1,1
projects\projects.js,67,js,9826ac84,Owen McFadden,2026-04-30,12:04:31,-07:00,2026-04-30T12:04:31-07:00,0,0
projects\projects.js,68,js,9826ac84,Owen McFadden,2026-04-30,12:04:31,-07:00,2026-04-30T12:04:31-07:00,0,0
projects\projects.js,69,js,e9540e67,Owen McFadden,2026-04-30,12:07:27,-07:00,2026-04-30T12:07:27-07:00,0,15
projects\projects.js,70,js,9826ac84,Owen McFadden,2026-04-30,12:04:31,-07:00,2026-04-30T12:04:31-07:00,0,23
projects\projects.js,71,js,e9540e67,Owen McFadden,2026-04-30,12:07:27,-07:00,2026-04-30T12:07:27-07:00,0,48
projects\projects.js,72,js,9826ac84,Owen McFadden,2026-04-30,12:04:31,-07:00,2026-04-30T12:04:31-07:00,0,0
projects\projects.js,73,js,e9540e67,Owen McFadden,2026-04-30,12:07:27,-07:00,2026-04-30T12:07:27-07:00,0,7
projects\projects.js,74,js,9826ac84,Owen McFadden,2026-04-30,12:04:31,-07:00,2026-04-30T12:04:31-07:00,0,53
projects\projects.js,75,js,9826ac84,Owen McFadden,2026-04-30,12:04:31,-07:00,2026-04-30T12:04:31-07:00,0,48
projects\projects.js,76,js,9826ac84,Owen McFadden,2026-04-30,12:04:31,-07:00,2026-04-30T12:04:31-07:00,1,25
projects\projects.js,77,js,1bf9781e,Owen McFadden,2026-04-30,12:12:47,-07:00,2026-04-30T12:12:47-07:00,1,54
projects\projects.js,78,js,1bf9781e,Owen McFadden,2026-04-30,12:12:47,-07:00,2026-04-30T12:12:47-07:00,1,35
projects\projects.js,79,js,1bf9781e,Owen McFadden,2026-04-30,12:12:47,-07:00,2026-04-30T12:12:47-07:00,1,48
projects\projects.js,80,js,1bf9781e,Owen McFadden,2026-04-30,12:12:47,-07:00,2026-04-30T12:12:47-07:00,1,23
projects\projects.js,81,js,0c24bded,Owen McFadden,2026-04-30,11:56:58,-07:00,2026-04-30T11:56:58-07:00,0,1
projects\index.html,1,html,04cdfdc4,Owen McFadden,2026-03-30,21:16:14,-07:00,2026-03-30T21:16:14-07:00,0,13
projects\index.html,2,html,04cdfdc4,Owen McFadden,2026-03-30,21:16:14,-07:00,2026-03-30T21:16:14-07:00,0,14
projects\index.html,3,html,04cdfdc4,Owen McFadden,2026-03-30,21:16:14,-07:00,2026-03-30T21:16:14-07:00,0,4
projects\index.html,4,html,04cdfdc4,Owen McFadden,2026-03-30,21:16:14,-07:00,2026-03-30T21:16:14-07:00,2,20
projects\index.html,5,html,04cdfdc4,Owen McFadden,2026-03-30,21:16:14,-07:00,2026-03-30T21:16:14-07:00,2,68
projects\index.html,6,html,c90b5cf6,Owen McFadden,2026-04-09,12:47:05,-07:00,2026-04-09T12:47:05-07:00,2,43
projects\index.html,7,html,04cdfdc4,Owen McFadden,2026-03-30,21:16:14,-07:00,2026-03-30T21:16:14-07:00,2,21
projects\index.html,8,html,04cdfdc4,Owen McFadden,2026-03-30,21:16:14,-07:00,2026-03-30T21:16:14-07:00,0,5
projects\index.html,9,html,04cdfdc4,Owen McFadden,2026-03-30,21:16:14,-07:00,2026-03-30T21:16:14-07:00,0,4
projects\index.html,10,html,0444cc10,Owen McFadden,2026-04-23,10:39:03,-07:00,2026-04-23T10:39:03-07:00,2,38
projects\index.html,11,html,749a8904,Owen McFadden,2026-04-30,11:59:46,-07:00,2026-04-30T11:59:46-07:00,2,21
projects\index.html,12,html,749a8904,Owen McFadden,2026-04-30,11:59:46,-07:00,2026-04-30T11:59:46-07:00,3,58
projects\index.html,13,html,749a8904,Owen McFadden,2026-04-30,11:59:46,-07:00,2026-04-30T11:59:46-07:00,3,22
projects\index.html,14,html,749a8904,Owen McFadden,2026-04-30,11:59:46,-07:00,2026-04-30T11:59:46-07:00,2,4
projects\index.html,15,html,9826ac84,Owen McFadden,2026-04-30,12:04:31,-07:00,2026-04-30T12:04:31-07:00,2,4
projects\index.html,16,html,9826ac84,Owen McFadden,2026-04-30,12:04:31,-07:00,2026-04-30T12:04:31-07:00,3,15
projects\index.html,17,html,9826ac84,Owen McFadden,2026-04-30,12:04:31,-07:00,2026-04-30T12:04:31-07:00,3,11
projects\index.html,18,html,9826ac84,Owen McFadden,2026-04-30,12:04:31,-07:00,2026-04-30T12:04:31-07:00,3,26
projects\index.html,19,html,9826ac84,Owen McFadden,2026-04-30,12:04:31,-07:00,2026-04-30T12:04:31-07:00,3,31
projects\index.html,20,html,9826ac84,Owen McFadden,2026-04-30,12:04:31,-07:00,2026-04-30T12:04:31-07:00,2,0
projects\index.html,21,html,0444cc10,Owen McFadden,2026-04-23,10:39:03,-07:00,2026-04-23T10:39:03-07:00,2,26
projects\index.html,22,html,67edd67f,Owen McFadden,2026-04-15,14:34:55,-07:00,2026-04-15T14:34:55-07:00,0,0
projects\index.html,23,html,27edad8d,Owen McFadden,2026-04-15,14:37:11,-07:00,2026-04-15T14:37:11-07:00,2,48
projects\index.html,24,html,0444cc10,Owen McFadden,2026-04-23,10:39:03,-07:00,2026-04-23T10:39:03-07:00,2,47
projects\index.html,25,html,04cdfdc4,Owen McFadden,2026-03-30,21:16:14,-07:00,2026-03-30T21:16:14-07:00,0,5
projects\index.html,26,html,04cdfdc4,Owen McFadden,2026-03-30,21:16:14,-07:00,2026-03-30T21:16:14-07:00,0,5
contact\index.html,1,html,04cdfdc4,Owen McFadden,2026-03-30,21:16:14,-07:00,2026-03-30T21:16:14-07:00,0,13
contact\index.html,2,html,04cdfdc4,Owen McFadden,2026-03-30,21:16:14,-07:00,2026-03-30T21:16:14-07:00,0,14
contact\index.html,3,html,04cdfdc4,Owen McFadden,2026-03-30,21:16:14,-07:00,2026-03-30T21:16:14-07:00,0,4
contact\index.html,4,html,04cdfdc4,Owen McFadden,2026-03-30,21:16:14,-07:00,2026-03-30T21:16:14-07:00,2,20
contact\index.html,5,html,04cdfdc4,Owen McFadden,2026-03-30,21:16:14,-07:00,2026-03-30T21:16:14-07:00,2,68
contact\index.html,6,html,d438f1ee,Owen McFadden,2026-04-09,12:51:13,-07:00,2026-04-09T12:51:13-07:00,2,43
contact\index.html,7,html,04cdfdc4,Owen McFadden,2026-03-30,21:16:14,-07:00,2026-03-30T21:16:14-07:00,2,20
contact\index.html,8,html,04cdfdc4,Owen McFadden,2026-03-30,21:16:14,-07:00,2026-03-30T21:16:14-07:00,0,5
contact\index.html,9,html,04cdfdc4,Owen McFadden,2026-03-30,21:16:14,-07:00,2026-03-30T21:16:14-07:00,0,4
contact\index.html,10,html,04cdfdc4,Owen McFadden,2026-03-30,21:16:14,-07:00,2026-03-30T21:16:14-07:00,0,0
contact\index.html,11,html,04cdfdc4,Owen McFadden,2026-03-30,21:16:14,-07:00,2026-03-30T21:16:14-07:00,2,19
contact\index.html,12,html,bd79031c,Owen McFadden,2026-03-31,09:59:07,-07:00,2026-03-31T09:59:07-07:00,0,0
contact\index.html,13,html,bd79031c,Owen McFadden,2026-03-31,09:59:07,-07:00,2026-03-31T09:59:07-07:00,2,76
contact\index.html,14,html,bd79031c,Owen McFadden,2026-03-31,09:59:07,-07:00,2026-03-31T09:59:07-07:00,4,11
contact\index.html,15,html,bd79031c,Owen McFadden,2026-03-31,09:59:07,-07:00,2026-03-31T09:59:07-07:00,4,31
contact\index.html,16,html,bd79031c,Owen McFadden,2026-03-31,09:59:07,-07:00,2026-03-31T09:59:07-07:00,4,6
contact\index.html,17,html,bd79031c,Owen McFadden,2026-03-31,09:59:07,-07:00,2026-03-31T09:59:07-07:00,4,0
contact\index.html,18,html,bd79031c,Owen McFadden,2026-03-31,09:59:07,-07:00,2026-03-31T09:59:07-07:00,4,13
contact\index.html,19,html,bd79031c,Owen McFadden,2026-03-31,09:59:07,-07:00,2026-03-31T09:59:07-07:00,4,20
contact\index.html,20,html,bd79031c,Owen McFadden,2026-03-31,09:59:07,-07:00,2026-03-31T09:59:07-07:00,4,6
contact\index.html,21,html,bd79031c,Owen McFadden,2026-03-31,09:59:07,-07:00,2026-03-31T09:59:07-07:00,0,0
contact\index.html,22,html,bd79031c,Owen McFadden,2026-03-31,09:59:07,-07:00,2026-03-31T09:59:07-07:00,4,13
contact\index.html,23,html,bd79031c,Owen McFadden,2026-03-31,09:59:07,-07:00,2026-03-31T09:59:07-07:00,4,31
contact\index.html,24,html,bd79031c,Owen McFadden,2026-03-31,09:59:07,-07:00,2026-03-31T09:59:07-07:00,4,6
contact\index.html,25,html,30b56c30,Owen McFadden,2026-03-31,10:03:45,-07:00,2026-03-31T10:03:45-07:00,0,0
contact\index.html,26,html,30b56c30,Owen McFadden,2026-03-31,10:03:45,-07:00,2026-03-31T10:03:45-07:00,4,35
contact\index.html,27,html,bd79031c,Owen McFadden,2026-03-31,09:59:07,-07:00,2026-03-31T09:59:07-07:00,2,5
contact\index.html,28,html,67edd67f,Owen McFadden,2026-04-15,14:34:55,-07:00,2026-04-15T14:34:55-07:00,0,0
contact\index.html,29,html,27edad8d,Owen McFadden,2026-04-15,14:37:11,-07:00,2026-04-15T14:37:11-07:00,2,48
contact\index.html,30,html,04cdfdc4,Owen McFadden,2026-03-30,21:16:14,-07:00,2026-03-30T21:16:14-07:00,0,5
contact\index.html,31,html,04cdfdc4,Owen McFadden,2026-03-30,21:16:14,-07:00,2026-03-30T21:16:14-07:00,0,5
